"fn_id","file","rel_path","file_url","file_path"
1,"KPI_DBL.yml","KPI/Definition/KPI_DBL.yml","https://github.com/phuse-org/phuse-scripts/raw/master/KPI/Definition/KPI_DBL.yml","/Users/htu/myRepo/phuse-scripts/KPI/Definition/KPI_DBL.yml"
2,"KPI_Data_Transfer.yml","KPI/Definition/KPI_Data_Transfer.yml","https://github.com/phuse-org/phuse-scripts/raw/master/KPI/Definition/KPI_Data_Transfer.yml","/Users/htu/myRepo/phuse-scripts/KPI/Definition/KPI_Data_Transfer.yml"
3,"KPI_template.yml","KPI/Definition/KPI_template.yml","https://github.com/phuse-org/phuse-scripts/raw/master/KPI/Definition/KPI_template.yml","/Users/htu/myRepo/phuse-scripts/KPI/Definition/KPI_template.yml"
4,"Metrics_Template.yml","KPI/Metrics/Metrics_Template.yml","https://github.com/phuse-org/phuse-scripts/raw/master/KPI/Metrics/Metrics_Template.yml","/Users/htu/myRepo/phuse-scripts/KPI/Metrics/Metrics_Template.yml"
5,"MetaData_template.yml","MetaData_template.yml","https://github.com/phuse-org/phuse-scripts/raw/master/MetaData_template.yml","/Users/htu/myRepo/phuse-scripts/MetaData_template.yml"
6,"AE Scripts_zip.yml","contributed/AE/AE Scripts_zip.yml","https://github.com/phuse-org/phuse-scripts/raw/master/contributed/AE/AE Scripts_zip.yml","/Users/htu/myRepo/phuse-scripts/contributed/AE/AE Scripts_zip.yml"
7,"Demographics_20140516_zip.yml","contributed/DM/Demographics_20140516_zip.yml","https://github.com/phuse-org/phuse-scripts/raw/master/contributed/DM/Demographics_20140516_zip.yml","/Users/htu/myRepo/phuse-scripts/contributed/DM/Demographics_20140516_zip.yml"
8,"MedDRA at a Glance Scripts_zip.yml","contributed/MedDRA/MedDRA at a Glance Scripts_zip.yml","https://github.com/phuse-org/phuse-scripts/raw/master/contributed/MedDRA/MedDRA at a Glance Scripts_zip.yml","/Users/htu/myRepo/phuse-scripts/contributed/MedDRA/MedDRA at a Glance Scripts_zip.yml"
9,"CreateTsXPT.R.yml","contributed/Nonclinical/R/CreatingXPT/CreateTsXPT.R.yml","https://github.com/phuse-org/phuse-scripts/raw/master/contributed/Nonclinical/R/CreatingXPT/CreateTsXPT.R.yml","/Users/htu/myRepo/phuse-scripts/contributed/Nonclinical/R/CreatingXPT/CreateTsXPT.R.yml"
10,"ClinicalDemographicSummary.r.yml","contributed/Nonclinical/R/Demographics/ClinicalDemographicSummary.r.yml","https://github.com/phuse-org/phuse-scripts/raw/master/contributed/Nonclinical/R/Demographics/ClinicalDemographicSummary.r.yml","/Users/htu/myRepo/phuse-scripts/contributed/Nonclinical/R/Demographics/ClinicalDemographicSummary.r.yml"
11,"TK_plot_curves.R.yml","contributed/Nonclinical/R/Toxicokinetics/TK_plot_curves.R.yml","https://github.com/phuse-org/phuse-scripts/raw/master/contributed/Nonclinical/R/Toxicokinetics/TK_plot_curves.R.yml","/Users/htu/myRepo/phuse-scripts/contributed/Nonclinical/R/Toxicokinetics/TK_plot_curves.R.yml"
12,"Histopath_Visualization-Scripts.tar_gz.yml","contributed/Nonclinical/SAS/Histopath/Histopath_Visualization-Scripts.tar_gz.yml","https://github.com/phuse-org/phuse-scripts/raw/master/contributed/Nonclinical/SAS/Histopath/Histopath_Visualization-Scripts.tar_gz.yml","/Users/htu/myRepo/phuse-scripts/contributed/Nonclinical/SAS/Histopath/Histopath_Visualization-Scripts.tar_gz.yml"
13,"SAS Analysis Panels_zip.yml","contributed/SAS Analysis Panels_zip.yml","https://github.com/phuse-org/phuse-scripts/raw/master/contributed/SAS Analysis Panels_zip.yml","/Users/htu/myRepo/phuse-scripts/contributed/SAS Analysis Panels_zip.yml"
14,"Scripts_Top_Dir_zip.yml","contributed/Scripts_Top_Dir_zip.yml","https://github.com/phuse-org/phuse-scripts/raw/master/contributed/Scripts_Top_Dir_zip.yml","/Users/htu/myRepo/phuse-scripts/contributed/Scripts_Top_Dir_zip.yml"
15,"test_roracle.yml","development/R/conf/test_roracle.yml","https://github.com/phuse-org/phuse-scripts/raw/master/development/R/conf/test_roracle.yml","/Users/htu/myRepo/phuse-scripts/development/R/conf/test_roracle.yml"
16,"metadata_example_loc.yml","development/R/pkgs/phuse/inst/examples/04_merge/metadata_example_loc.yml","https://github.com/phuse-org/phuse-scripts/raw/master/development/R/pkgs/phuse/inst/examples/04_merge/metadata_example_loc.yml","/Users/htu/myRepo/phuse-scripts/development/R/pkgs/phuse/inst/examples/04_merge/metadata_example_loc.yml"
17,"metadata_example_rep.yml","development/R/pkgs/phuse/inst/examples/04_merge/metadata_example_rep.yml","https://github.com/phuse-org/phuse-scripts/raw/master/development/R/pkgs/phuse/inst/examples/04_merge/metadata_example_rep.yml","/Users/htu/myRepo/phuse-scripts/development/R/pkgs/phuse/inst/examples/04_merge/metadata_example_rep.yml"
18,"Draw_Dist2_R.yml","development/R/scripts/Draw_Dist2_R.yml","https://github.com/phuse-org/phuse-scripts/raw/master/development/R/scripts/Draw_Dist2_R.yml","/Users/htu/myRepo/phuse-scripts/development/R/scripts/Draw_Dist2_R.yml"
19,"Draw_Dist_R.yml","development/R/scripts/Draw_Dist_R.yml","https://github.com/phuse-org/phuse-scripts/raw/master/development/R/scripts/Draw_Dist_R.yml","/Users/htu/myRepo/phuse-scripts/development/R/scripts/Draw_Dist_R.yml"
20,"TK_plot_curves_R.yml","development/R/scripts/TK_plot_curves_R.yml","https://github.com/phuse-org/phuse-scripts/raw/master/development/R/scripts/TK_plot_curves_R.yml","/Users/htu/myRepo/phuse-scripts/development/R/scripts/TK_plot_curves_R.yml"
21,"test_load_df2ora.yml","development/R/scripts/test_load_df2ora.yml","https://github.com/phuse-org/phuse-scripts/raw/master/development/R/scripts/test_load_df2ora.yml","/Users/htu/myRepo/phuse-scripts/development/R/scripts/test_load_df2ora.yml"
22,"test_load_df2ora_loc.yml","development/R/scripts/test_load_df2ora_loc.yml","https://github.com/phuse-org/phuse-scripts/raw/master/development/R/scripts/test_load_df2ora_loc.yml","/Users/htu/myRepo/phuse-scripts/development/R/scripts/test_load_df2ora_loc.yml"
23,"test_load_df2ora_rep.yml","development/R/scripts/test_load_df2ora_rep.yml","https://github.com/phuse-org/phuse-scripts/raw/master/development/R/scripts/test_load_df2ora_rep.yml","/Users/htu/myRepo/phuse-scripts/development/R/scripts/test_load_df2ora_rep.yml"
24,"ae_oncology_v1upd_sas.yml","tested/SAS/AE/ae_oncology_v1upd_sas.yml","https://github.com/phuse-org/phuse-scripts/raw/master/tested/SAS/AE/ae_oncology_v1upd_sas.yml","/Users/htu/myRepo/phuse-scripts/tested/SAS/AE/ae_oncology_v1upd_sas.yml"
25,"ae_v1upd_sas.yml","tested/SAS/AE/ae_v1upd_sas.yml","https://github.com/phuse-org/phuse-scripts/raw/master/tested/SAS/AE/ae_v1upd_sas.yml","/Users/htu/myRepo/phuse-scripts/tested/SAS/AE/ae_v1upd_sas.yml"
26,"demographics_v1_sas.yml","tested/SAS/DM/demographics_v1_sas.yml","https://github.com/phuse-org/phuse-scripts/raw/master/tested/SAS/DM/demographics_v1_sas.yml","/Users/htu/myRepo/phuse-scripts/tested/SAS/DM/demographics_v1_sas.yml"
27,"disposition_v2_sas.yml","tested/SAS/DS/disposition_v2_sas.yml","https://github.com/phuse-org/phuse-scripts/raw/master/tested/SAS/DS/disposition_v2_sas.yml","/Users/htu/myRepo/phuse-scripts/tested/SAS/DS/disposition_v2_sas.yml"
28,"exposure_v1_sas.yml","tested/SAS/EX/exposure_v1_sas.yml","https://github.com/phuse-org/phuse-scripts/raw/master/tested/SAS/EX/exposure_v1_sas.yml","/Users/htu/myRepo/phuse-scripts/tested/SAS/EX/exposure_v1_sas.yml"
29,"liver_v2_sas.yml","tested/SAS/LB/liver_v2_sas.yml","https://github.com/phuse-org/phuse-scripts/raw/master/tested/SAS/LB/liver_v2_sas.yml","/Users/htu/myRepo/phuse-scripts/tested/SAS/LB/liver_v2_sas.yml"
30,"ae_meddra_w_flag_generation_v1_sas.yml","tested/SAS/MedDRA/ae_meddra_w_flag_generation_v1_sas.yml","https://github.com/phuse-org/phuse-scripts/raw/master/tested/SAS/MedDRA/ae_meddra_w_flag_generation_v1_sas.yml","/Users/htu/myRepo/phuse-scripts/tested/SAS/MedDRA/ae_meddra_w_flag_generation_v1_sas.yml"
31,"WPCT-F.07.01_R.yml","whitepapers/WPCT/WPCT-F.07.01_R.yml","https://github.com/phuse-org/phuse-scripts/raw/master/whitepapers/WPCT/WPCT-F.07.01_R.yml","/Users/htu/myRepo/phuse-scripts/whitepapers/WPCT/WPCT-F.07.01_R.yml"
32,"WPCT-F.07.01_sas.yml","whitepapers/WPCT/WPCT-F.07.01_sas.yml","https://github.com/phuse-org/phuse-scripts/raw/master/whitepapers/WPCT/WPCT-F.07.01_sas.yml","/Users/htu/myRepo/phuse-scripts/whitepapers/WPCT/WPCT-F.07.01_sas.yml"
33,"WPCT-F.07.02_R.yml","whitepapers/WPCT/WPCT-F.07.02_R.yml","https://github.com/phuse-org/phuse-scripts/raw/master/whitepapers/WPCT/WPCT-F.07.02_R.yml","/Users/htu/myRepo/phuse-scripts/whitepapers/WPCT/WPCT-F.07.02_R.yml"
34,"WPCT-F.07.02_sas.yml","whitepapers/WPCT/WPCT-F.07.02_sas.yml","https://github.com/phuse-org/phuse-scripts/raw/master/whitepapers/WPCT/WPCT-F.07.02_sas.yml","/Users/htu/myRepo/phuse-scripts/whitepapers/WPCT/WPCT-F.07.02_sas.yml"
35,"WPCT-F.07.03_sas.yml","whitepapers/WPCT/WPCT-F.07.03_sas.yml","https://github.com/phuse-org/phuse-scripts/raw/master/whitepapers/WPCT/WPCT-F.07.03_sas.yml","/Users/htu/myRepo/phuse-scripts/whitepapers/WPCT/WPCT-F.07.03_sas.yml"
36,"WPCT-F.07.06_sas.yml","whitepapers/WPCT/WPCT-F.07.06_sas.yml","https://github.com/phuse-org/phuse-scripts/raw/master/whitepapers/WPCT/WPCT-F.07.06_sas.yml","/Users/htu/myRepo/phuse-scripts/whitepapers/WPCT/WPCT-F.07.06_sas.yml"
37,"WPCT-F.07.07_sas.yml","whitepapers/WPCT/WPCT-F.07.07_sas.yml","https://github.com/phuse-org/phuse-scripts/raw/master/whitepapers/WPCT/WPCT-F.07.07_sas.yml","/Users/htu/myRepo/phuse-scripts/whitepapers/WPCT/WPCT-F.07.07_sas.yml"
38,"WPCT-F.07.08_sas.yml","whitepapers/WPCT/WPCT-F.07.08_sas.yml","https://github.com/phuse-org/phuse-scripts/raw/master/whitepapers/WPCT/WPCT-F.07.08_sas.yml","/Users/htu/myRepo/phuse-scripts/whitepapers/WPCT/WPCT-F.07.08_sas.yml"
39,"ae_common_sas.yml","whitepapers/scriptathons/ae/ae_common_sas.yml","https://github.com/phuse-org/phuse-scripts/raw/master/whitepapers/scriptathons/ae/ae_common_sas.yml","/Users/htu/myRepo/phuse-scripts/whitepapers/scriptathons/ae/ae_common_sas.yml"
40,"ae_pref_sas.yml","whitepapers/scriptathons/ae/ae_pref_sas.yml","https://github.com/phuse-org/phuse-scripts/raw/master/whitepapers/scriptathons/ae/ae_pref_sas.yml","/Users/htu/myRepo/phuse-scripts/whitepapers/scriptathons/ae/ae_pref_sas.yml"
41,"ae_serious_sas.yml","whitepapers/scriptathons/ae/ae_serious_sas.yml","https://github.com/phuse-org/phuse-scripts/raw/master/whitepapers/scriptathons/ae/ae_serious_sas.yml","/Users/htu/myRepo/phuse-scripts/whitepapers/scriptathons/ae/ae_serious_sas.yml"
42,"Box_Plot_Baseline_sas.yml","whitepapers/scriptathons/central/Box_Plot_Baseline_sas.yml","https://github.com/phuse-org/phuse-scripts/raw/master/whitepapers/scriptathons/central/Box_Plot_Baseline_sas.yml","/Users/htu/myRepo/phuse-scripts/whitepapers/scriptathons/central/Box_Plot_Baseline_sas.yml"
43,"box_chg_time_Rnw.yml","whitepapers/scriptathons/central/box_chg_time_Rnw.yml","https://github.com/phuse-org/phuse-scripts/raw/master/whitepapers/scriptathons/central/box_chg_time_Rnw.yml","/Users/htu/myRepo/phuse-scripts/whitepapers/scriptathons/central/box_chg_time_Rnw.yml"
44,"box_obs_time_Rnw.yml","whitepapers/scriptathons/central/box_obs_time_Rnw.yml","https://github.com/phuse-org/phuse-scripts/raw/master/whitepapers/scriptathons/central/box_obs_time_Rnw.yml","/Users/htu/myRepo/phuse-scripts/whitepapers/scriptathons/central/box_obs_time_Rnw.yml"
45,"box_obs_time_sas.yml","whitepapers/scriptathons/central/box_obs_time_sas.yml","https://github.com/phuse-org/phuse-scripts/raw/master/whitepapers/scriptathons/central/box_obs_time_sas.yml","/Users/htu/myRepo/phuse-scripts/whitepapers/scriptathons/central/box_obs_time_sas.yml"
46,"mean_time_sas.yml","whitepapers/scriptathons/central/mean_time_sas.yml","https://github.com/phuse-org/phuse-scripts/raw/master/whitepapers/scriptathons/central/mean_time_sas.yml","/Users/htu/myRepo/phuse-scripts/whitepapers/scriptathons/central/mean_time_sas.yml"
47,"demo_summary_R.yml","whitepapers/scriptathons/demographics/demo_summary_R.yml","https://github.com/phuse-org/phuse-scripts/raw/master/whitepapers/scriptathons/demographics/demo_summary_R.yml","/Users/htu/myRepo/phuse-scripts/whitepapers/scriptathons/demographics/demo_summary_R.yml"
48,"demo_summary_sas.yml","whitepapers/scriptathons/demographics/demo_summary_sas.yml","https://github.com/phuse-org/phuse-scripts/raw/master/whitepapers/scriptathons/demographics/demo_summary_sas.yml","/Users/htu/myRepo/phuse-scripts/whitepapers/scriptathons/demographics/demo_summary_sas.yml"
49,"discontinuation_sas.yml","whitepapers/scriptathons/demographics/discontinuation_sas.yml","https://github.com/phuse-org/phuse-scripts/raw/master/whitepapers/scriptathons/demographics/discontinuation_sas.yml","/Users/htu/myRepo/phuse-scripts/whitepapers/scriptathons/demographics/discontinuation_sas.yml"
50,"disposition_a_sas.yml","whitepapers/scriptathons/demographics/disposition_a_sas.yml","https://github.com/phuse-org/phuse-scripts/raw/master/whitepapers/scriptathons/demographics/disposition_a_sas.yml","/Users/htu/myRepo/phuse-scripts/whitepapers/scriptathons/demographics/disposition_a_sas.yml"
51,"disposition_b1_sas.yml","whitepapers/scriptathons/demographics/disposition_b1_sas.yml","https://github.com/phuse-org/phuse-scripts/raw/master/whitepapers/scriptathons/demographics/disposition_b1_sas.yml","/Users/htu/myRepo/phuse-scripts/whitepapers/scriptathons/demographics/disposition_b1_sas.yml"
52,"disposition_b2_sas.yml","whitepapers/scriptathons/demographics/disposition_b2_sas.yml","https://github.com/phuse-org/phuse-scripts/raw/master/whitepapers/scriptathons/demographics/disposition_b2_sas.yml","/Users/htu/myRepo/phuse-scripts/whitepapers/scriptathons/demographics/disposition_b2_sas.yml"
53,"medication_listing_sas.yml","whitepapers/scriptathons/demographics/medication_listing_sas.yml","https://github.com/phuse-org/phuse-scripts/raw/master/whitepapers/scriptathons/demographics/medication_listing_sas.yml","/Users/htu/myRepo/phuse-scripts/whitepapers/scriptathons/demographics/medication_listing_sas.yml"
54,"outliers_Scatter_MeanTime_sas.yml","whitepapers/scriptathons/outliers/outliers_Scatter_MeanTime_sas.yml","https://github.com/phuse-org/phuse-scripts/raw/master/whitepapers/scriptathons/outliers/outliers_Scatter_MeanTime_sas.yml","/Users/htu/myRepo/phuse-scripts/whitepapers/scriptathons/outliers/outliers_Scatter_MeanTime_sas.yml"
55,"outliers_Scatter_Quant_sas.yml","whitepapers/scriptathons/outliers/outliers_Scatter_Quant_sas.yml","https://github.com/phuse-org/phuse-scripts/raw/master/whitepapers/scriptathons/outliers/outliers_Scatter_Quant_sas.yml","/Users/htu/myRepo/phuse-scripts/whitepapers/scriptathons/outliers/outliers_Scatter_Quant_sas.yml"
56,"outliers_Shift_Table_sas.yml","whitepapers/scriptathons/outliers/outliers_Shift_Table_sas.yml","https://github.com/phuse-org/phuse-scripts/raw/master/whitepapers/scriptathons/outliers/outliers_Shift_Table_sas.yml","/Users/htu/myRepo/phuse-scripts/whitepapers/scriptathons/outliers/outliers_Shift_Table_sas.yml"
57,"outliers_TEAbnorm_Qual_sas.yml","whitepapers/scriptathons/outliers/outliers_TEAbnorm_Qual_sas.yml","https://github.com/phuse-org/phuse-scripts/raw/master/whitepapers/scriptathons/outliers/outliers_TEAbnorm_Qual_sas.yml","/Users/htu/myRepo/phuse-scripts/whitepapers/scriptathons/outliers/outliers_TEAbnorm_Qual_sas.yml"
58,"outliers_TEHiLo_Anytime_sas.yml","whitepapers/scriptathons/outliers/outliers_TEHiLo_Anytime_sas.yml","https://github.com/phuse-org/phuse-scripts/raw/master/whitepapers/scriptathons/outliers/outliers_TEHiLo_Anytime_sas.yml","/Users/htu/myRepo/phuse-scripts/whitepapers/scriptathons/outliers/outliers_TEHiLo_Anytime_sas.yml"
59,"pk_mean_conc_sas.yml","whitepapers/scriptathons/pk/pk_mean_conc_sas.yml","https://github.com/phuse-org/phuse-scripts/raw/master/whitepapers/scriptathons/pk/pk_mean_conc_sas.yml","/Users/htu/myRepo/phuse-scripts/whitepapers/scriptathons/pk/pk_mean_conc_sas.yml"
60,"pk_overlay_conc_sas.yml","whitepapers/scriptathons/pk/pk_overlay_conc_sas.yml","https://github.com/phuse-org/phuse-scripts/raw/master/whitepapers/scriptathons/pk/pk_overlay_conc_sas.yml","/Users/htu/myRepo/phuse-scripts/whitepapers/scriptathons/pk/pk_overlay_conc_sas.yml"
61,"pk_param_summary_sas.yml","whitepapers/scriptathons/pk/pk_param_summary_sas.yml","https://github.com/phuse-org/phuse-scripts/raw/master/whitepapers/scriptathons/pk/pk_param_summary_sas.yml","/Users/htu/myRepo/phuse-scripts/whitepapers/scriptathons/pk/pk_param_summary_sas.yml"
62,"pk_subj_conc_sas.yml","whitepapers/scriptathons/pk/pk_subj_conc_sas.yml","https://github.com/phuse-org/phuse-scripts/raw/master/whitepapers/scriptathons/pk/pk_subj_conc_sas.yml","/Users/htu/myRepo/phuse-scripts/whitepapers/scriptathons/pk/pk_subj_conc_sas.yml"
