Len,Source,Category,CTCode,Value
99,"SODIUM N-\(CARBONYL-METHOXYPOLYETHYLENE GLYCOL 2000\)-1,2-DISTEAROYL-SN-GLYCERO-3-PHOSPHOETHANOLAMINE",c,3L6NN8ZZKU,"SODIUM N-\(CARBONYL-METHOXYPOLYETHYLENE GLYCOL 2000\)-1,2-DISTEAROYL-SN-GLYCERO-3-PHOSPHOETHANOLAMINE"
98,TRIMETHYLSILYL TREATED DIMETHICONOL/TRIMETHYLSILOXYSILICATE CROSSPOLYMER \(40/60 W/W; 5000000 PA\.S\),c,9N5G1G3D3H,TRIMETHYLSILYL TREATED DIMETHICONOL/TRIMETHYLSILOXYSILICATE CROSSPOLYMER \(40/60 W/W; 5000000 PA\.S\)
97,TRIMETHYLSILYL TREATED DIMETHICONOL/TRIMETHYLSILOXYSILICATE CROSSPOLYMER \(45/55 W/W; 100000 PA\.S\),c,5VBE2X0WG0,TRIMETHYLSILYL TREATED DIMETHICONOL/TRIMETHYLSILOXYSILICATE CROSSPOLYMER \(45/55 W/W; 100000 PA\.S\)
84,DIMETHYLAMINOETHYL METHACRYLATE - BUTYL METHACRYLATE - METHYL METHACRYLATE COPOLYMER,c,905HNO1SIH,DIMETHYLAMINOETHYL METHACRYLATE - BUTYL METHACRYLATE - METHYL METHACRYLATE COPOLYMER
81,POLY\(METHYL ACRYLATE-CO-METHYL METHACRYLATE-CO-METHACRYLIC ACID 7:3:1; 280000 MW\),c,99Q3C7L77T,POLY\(METHYL ACRYLATE-CO-METHYL METHACRYLATE-CO-METHACRYLIC ACID 7:3:1; 280000 MW\)
75,DIMETHICONOL/TRIMETHYLSILOXYSILICATE CROSSPOLYMER \(40/60 W/W; 1000000 PA\.S\),c,83D19O7250,DIMETHICONOL/TRIMETHYLSILOXYSILICATE CROSSPOLYMER \(40/60 W/W; 1000000 PA\.S\)
72,BUTYL ESTER OF METHYL VINYL ETHER/MALEIC ANHYDRIDE COPOLYMER \(125000 MW\),c,389H2R62BD,BUTYL ESTER OF METHYL VINYL ETHER/MALEIC ANHYDRIDE COPOLYMER \(125000 MW\)
70,LOW-SUBSTITUTED HYDROXYPROPYL CELLULOSE \(11% HYDROXYPROPYL; 100000 MW\),c,BMJ7J4127K,LOW-SUBSTITUTED HYDROXYPROPYL CELLULOSE \(11% HYDROXYPROPYL; 100000 MW\)
70,LOW-SUBSTITUTED HYDROXYPROPYL CELLULOSE \(11% HYDROXYPROPYL; 120000 MW\),c,NZ94SDL6WR,LOW-SUBSTITUTED HYDROXYPROPYL CELLULOSE \(11% HYDROXYPROPYL; 120000 MW\)
70,LOW-SUBSTITUTED HYDROXYPROPYL CELLULOSE \(11% HYDROXYPROPYL; 130000 MW\),c,7773C1ROEU,LOW-SUBSTITUTED HYDROXYPROPYL CELLULOSE \(11% HYDROXYPROPYL; 130000 MW\)
69,BUTYL METHACRYLATE AND METHYL METHACRYLATE COPOLYMER \(3:1; 150000 MW\),c,DJN2FGG8Z3,BUTYL METHACRYLATE AND METHYL METHACRYLATE COPOLYMER \(3:1; 150000 MW\)
69,POLYVINYL ALCOHOL GRAFT POLYETHYLENE GLYCOL COPOLYMER \(3:1; 45000 MW\),c,23ZQ42JZZH,POLYVINYL ALCOHOL GRAFT POLYETHYLENE GLYCOL COPOLYMER \(3:1; 45000 MW\)
68,DETOSU/TRIETHYLENE GLYCOL/TRIETHYLENE GLYCOL POLYGLYCOLIDE COPOLYMER,c,JC2Q67KRW7,DETOSU/TRIETHYLENE GLYCOL/TRIETHYLENE GLYCOL POLYGLYCOLIDE COPOLYMER
65,ETHYL ACRYLATE AND METHYL METHACRYLATE COPOLYMER \(2:1; 600000 MW\),c,XRK36F13ZZ,ETHYL ACRYLATE AND METHYL METHACRYLATE COPOLYMER \(2:1; 600000 MW\)
65,ETHYL ACRYLATE AND METHYL METHACRYLATE COPOLYMER \(2:1; 750000 MW\),c,P2OM2Q86BI,ETHYL ACRYLATE AND METHYL METHACRYLATE COPOLYMER \(2:1; 750000 MW\)
64,N-\[TRIS\(HYDROXYMETHYL\)-METHYL\]-2-AMINOETHANESULFONIC ACID BUFFER,c,L173DK6289,N-TRIS\(HYDROXYMETHYL\)METHYL-2-AMINOETHANESULFONIC ACID
63,CARBOMER HOMOPOLYMER TYPE A \(ALLYL PENTAERYTHRITOL CROSSLINKED\),c,F68VH75CJC,CARBOMER HOMOPOLYMER TYPE A \(ALLYL PENTAERYTHRITOL CROSSLINKED\)
63,CARBOMER HOMOPOLYMER TYPE B \(ALLYL PENTAERYTHRITOL CROSSLINKED\),c,HHT01ZNK31,CARBOMER HOMOPOLYMER TYPE B \(ALLYL PENTAERYTHRITOL CROSSLINKED\)
63,CARBOMER HOMOPOLYMER TYPE C \(ALLYL PENTAERYTHRITOL CROSSLINKED\),c,4Q93RCW27E,CARBOMER HOMOPOLYMER TYPE C \(ALLYL PENTAERYTHRITOL CROSSLINKED\)
61,CARBOMER COPOLYMER TYPE A \(ALLYL PENTAERYTHRITOL CROSSLINKED\),c,71DD5V995L,CARBOMER COPOLYMER TYPE A \(ALLYL PENTAERYTHRITOL CROSSLINKED\)
61,CARBOMER COPOLYMER TYPE B \(ALLYL PENTAERYTHRITOL CROSSLINKED\),c,809Y72KV36,CARBOMER COPOLYMER TYPE B \(ALLYL PENTAERYTHRITOL CROSSLINKED\)
57,METHYLCHLOROISOTHIAZOLINONE/METHYLISOTHIAZOLINONE MIXTURE,c,15O9QS218W,METHYLCHLOROISOTHIAZOLINONE/METHYLISOTHIAZOLINONE MIXTURE
56,\(2-\[4-\(2-HYDROXYETHYL\)-1-PIPERAZINYL\]ETHANESULFONIC ACID,c,RWW266YE9I,HYDROXYETHYLPIPERAZINE ETHANE SULFONIC ACID
56,METHACRYLIC ACID - ETHYL ACRYLATE COPOLYMER \(1:1\) TYPE A,c,NX76LV5T8J,METHACRYLIC ACID - ETHYL ACRYLATE COPOLYMER \(1:1\) TYPE A
56,METHACRYLIC ACID - ETHYL ACRYLATE COPOLYMER \(1:1\) TYPE A,c,NX76LV5T8J,METHACRYLIC ACID - ETHYL ACRYLATE COPOLYMER \(1:1\) TYPE A
55,CARBOMER HOMOPOLYMER TYPE B \(ALLYL SUCROSE CROSSLINKED\),c,Z135WT9208,CARBOMER HOMOPOLYMER TYPE B \(ALLYL SUCROSE CROSSLINKED\)
54,"SODIUM CARBOXYMETHYLCELLULOSE, INTERNALLY CROSS LINKED",c,M28OL1HH48,CROSCARMELLOSE SODIUM
54,N-TRIS\(HYDROXYMETHYL\)METHYL-2-AMINOETHANESULFONIC ACID,c,L173DK6289,N-TRIS\(HYDROXYMETHYL\)METHYL-2-AMINOETHANESULFONIC ACID
54,METHACRYLIC ACID - METHYL METHACRYLATE COPOLYMER \(1:1\),c,74G4R6TH13,METHACRYLIC ACID - METHYL METHACRYLATE COPOLYMER \(1:1\)
54,METHACRYLIC ACID - METHYL METHACRYLATE COPOLYMER \(1:2\),c,5KY68S2577,METHACRYLIC ACID - METHYL METHACRYLATE COPOLYMER \(1:2\)
54,N-TRIS\(HYDROXYMETHYL\)METHYL-2-AMINOETHANESULFONIC ACID,c,L173DK6289,N-TRIS\(HYDROXYMETHYL\)METHYL-2-AMINOETHANESULFONIC ACID
53,d-alpha-tocopheryl polyethylene glycol 1000 succinate \(TPGS\),c,O03S90U1F2,VITAMIN E POLYETHYLENE GLYCOL SUCCINATE
53,d-alpha-tocopheryl polyethylene glycol 1000 succinate,c,O03S90U1F2,VITAMIN E POLYETHYLENE GLYCOL SUCCINATE
52,ETHYLENE-VINYL ACETATE COPOLYMER \(28% VINYL ACETATE\),c,8ILA5X28VS,ETHYLENE-VINYL ACETATE COPOLYMER \(28% VINYL ACETATE\)
52,"LOW-SUBSTITUTED HYDROXYPROPYL CELLULOSE, UNSPECIFIED",c,2165RE0K14,"LOW-SUBSTITUTED HYDROXYPROPYL CELLULOSE, UNSPECIFIED"
51,MODIFIED CORN STARCH \(1-OCTENYL SUCCINIC ANHYDRIDE\),c,461P5CJN6T,MODIFIED CORN STARCH \(1-OCTENYL SUCCINIC ANHYDRIDE\)
51,"POLY\(DL-LACTIC-CO-GLYCOLIC ACID\), \(50:50; 12000 MW\)",c,WE369X5600,"POLY\(DL-LACTIC-CO-GLYCOLIC ACID\), \(50:50; 12000 MW\)"
49,D-\?-TOCOPHEROL POLYETHYLENE GLYCOL 1000 SUCCINATE,c,O03S90U1F2,TOCOPHERSOLAN
49,2-\(4-STYRYL-3-SULFOPHENOL\)-6-METHOXYBENZOTRIAZOLE,c,0MMD46SPU6,2-\(4-STYRYL-3-SULFOPHENOL\)-6-METHOXYBENZOTRIAZOLE
49,HYPROMELLOSE ACETATE SUCCINATE 06081224 \(3 MM2/S\),c,6N003M473W,HYPROMELLOSE ACETATE SUCCINATE 06081224 \(3 MM2/S\)
49,d-a-tocopheryl polyethylene glycol 1000 succinate \(TPGS\),c,O03S90U1F2,VITAMIN E POLYETHYLENE GLYCOL SUCCINATE
49,d-a-tocopheryl polyethylene glycol 1000 succinate,c,O03S90U1F2,VITAMIN E POLYETHYLENE GLYCOL SUCCINATE
46,"HYPROMELLOSE PHTHALATE \(24% PHTHALATE, 55 CST\)",c,87Y6436BKR,"HYPROMELLOSE PHTHALATE \(24% PHTHALATE, 55 CST\)"
46,"HYPROMELLOSE PHTHALATE \(31% PHTHALATE, 40 CST\)",c,G4U024CQK6,"HYPROMELLOSE PHTHALATE \(31% PHTHALATE, 40 CST\)"
45,"SODIUM PHOSPHATE, MONOBASIC, UNSPECIFIED FORM",c,3980JIH2SW,"SODIUM PHOSPHATE, MONOBASIC, UNSPECIFIED FORM"
43,HYDROXYETHYLPIPERAZINE ETHANE SULFONIC ACID,c,RWW266YE9I,HYDROXYETHYLPIPERAZINE ETHANE SULFONIC ACID
43,"1,2-DIMYRISTOYL-SN-GLYCERO-3-PHOSPHOCHOLINE",c,52QK2NZ2T0,"1,2-DIMYRISTOYL-SN-GLYCERO-3-PHOSPHOCHOLINE"
43,HYDROLYZED SOY PROTEIN \(ENZYMATIC; 2000 MW\),c,1394NXB9L6,HYDROLYZED SOY PROTEIN \(ENZYMATIC; 2000 MW\)
43,"SODIUM PHOSPHATE, DIBASIC, UNSPECIFIED FORM",c,GR686LBA74,"SODIUM PHOSPHATE, DIBASIC, UNSPECIFIED FORM"
43,HYDROXYETHYLPIPERAZINE ETHANE SULFONIC ACID,c,RWW266YE9I,HYDROXYETHYLPIPERAZINE ETHANE SULFONIC ACID
42,3-\(CYCLOHEXYLAMINO\)-1-PROPANESULFONIC ACID,c,4W981O1LXP,3-\(CYCLOHEXYLAMINO\)PROPANESULFONIC ACID
42,"CARBOXYMETHYLCELLULOSE SODIUM, UNSPECIFIED",c,K679OBS311,"CARBOXYMETHYLCELLULOSE SODIUM, UNSPECIFIED"
42,"1,2-DISTEAROYL-SN-GLYCERO-3-PHOSPHOCHOLINE",c,043IPI2M0K,"1,2-DISTEAROYL-SN-GLYCERO-3-PHOSPHOCHOLINE"
41, N-CYCLOHEXYL-3-AMINOPROPANESULFONIC ACID,c,4W981O1LXP,3-\(CYCLOHEXYLAMINO\)PROPANESULFONIC ACID
41,HYDROXYETHYL CELLULOSE \(2000 MPA\.S AT 1%\),c,S38J6RZN16,HYDROXYETHYL CELLULOSE \(2000 MPA\.S AT 1%\)
41,HYDROXYETHYL CELLULOSE \(4000 MPA\.S AT 1%\),c,ZYD53NBL45,HYDROXYETHYL CELLULOSE \(4000 MPA\.S AT 1%\)
41,"SODIUM TRIPOLYPHOSPHATE, UNSPECIFIED FORM",c,5HK03SA80J,"SODIUM TRIPOLYPHOSPHATE, UNSPECIFIED FORM"
40,HYDROXYETHYL CELLULOSE \(140 MPA\.S AT 5%\),c,8136Y38GY5,HYDROXYETHYL CELLULOSE \(140 MPA\.S AT 5%\)
40,HYDROXYETHYL CELLULOSE \(280 MPA\.S AT 2%\),c,12VCE9HR9E,HYDROXYETHYL CELLULOSE \(280 MPA\.S AT 2%\)
40,"SODIUM PHOSPHATE, DIBASIC, DODECAHYDRATE",c,E1W4N241FO,"SODIUM PHOSPHATE, DIBASIC, DODECAHYDRATE"
40,"SODIUM PHOSPHATE, MONOBASIC, MONOHYDRATE",c,593YOG76RN,"SODIUM PHOSPHATE, MONOBASIC, MONOHYDRATE"
40,STYRENE/ISOPRENE/STYRENE BLOCK COPOLYMER,c,K7S96QM8DV,STYRENE/ISOPRENE/STYRENE BLOCK COPOLYMER
39,2-\(BIS\(2-HYDROXYETHYL\)AMINO\)ACETIC ACID,c,1J484QFI1O,BICINE
39,3-\(CYCLOHEXYLAMINO\)PROPANESULFONIC ACID,c,4W981O1LXP,3-\(CYCLOHEXYLAMINO\)PROPANESULFONIC ACID
39,"CALCIUM PHOSPHATE, MONOBASIC, ANHYDROUS",c,701EKV9RMN,"CALCIUM PHOSPHATE, MONOBASIC, ANHYDROUS"
39,"SODIUM PHOSPHATE, DIBASIC, HEPTAHYDRATE",c,70WT22SF4B,"SODIUM PHOSPHATE, DIBASIC, HEPTAHYDRATE"
39,"SODIUM PHOSPHATE, TRIBASIC, MONOHYDRATE",c,J9O85FKF29,"SODIUM PHOSPHATE, TRIBASIC, MONOHYDRATE"
38,2-\(CYCLOHEXYLAMINO\)ETHANESULFONIC ACID,c,71X53V3RZ1,2-\(CYCLOHEXYLAMINO\)ETHANESULFONIC ACID
38,POLYOXYETHYLENE SORBITAN MONOPALMITATE,c,STI11B5A2X,POLYSORBATE 40
38,"CARBOMER HOMOPOLYMER, UNSPECIFIED TYPE",c,0A5MM307FC,"CARBOMER HOMOPOLYMER, UNSPECIFIED TYPE"
38,HYDROXYPROPYL CELLULOSE \(1600000 WAMW\),c,RFW2ET671P,HYDROXYPROPYL CELLULOSE \(1600000 WAMW\)
38,PPG-20 METHYL GLUCOSE ETHER DISTEARATE,c,0057334FAB,PPG-20 METHYL GLUCOSE ETHER DISTEARATE
38,"SODIUM PHOSPHATE, MONOBASIC, ANHYDROUS",c,KH7I04HPUU,"SODIUM PHOSPHATE, MONOBASIC, ANHYDROUS"
38,"SODIUM PHOSPHATE, MONOBASIC, DIHYDRATE",c,5QWK665956,"SODIUM PHOSPHATE, MONOBASIC, DIHYDRATE"
37,"CALCIUM PHOSPHATE, DIBASIC, ANHYDROUS",c,L11K75P92J,ANHYDROUS DIBASIC CALCIUM PHOSPHATE
37,"CALCIUM PHOSPHATE, DIBASIC, DIHYDRATE",c,O7TSZ97GEP,DIBASIC CALCIUM PHOSPHATE DIHYDRATE
37,POLYOXYETHYLENE SORBITAN MONOSTEARATE,c,CAL22UVI4M,POLYSORBATE 60
37,AMMONIO METHACRYLATE COPOLYMER TYPE A,c,8GQS4E66YY,AMMONIO METHACRYLATE COPOLYMER TYPE A
37,AMMONIO METHACRYLATE COPOLYMER TYPE B,c,161H3B14U2,AMMONIO METHACRYLATE COPOLYMER TYPE B
37,CAPRYLIC/CAPRIC/SUCCINIC TRIGLYCERIDE,c,J4BY50FL78,CAPRYLIC/CAPRIC/SUCCINIC TRIGLYCERIDE
37,DIISOPROPYLBENZOTHIAZYL-2-SULFENAMIDE,c,3LH1P5MUK0,DIISOPROPYLBENZOTHIAZYL-2-SULFENAMIDE
37,HYDROXYPROPYL CELLULOSE \(110000 WAMW\),c,5Y0974F5PW,HYDROXYPROPYL CELLULOSE \(110000 WAMW\)
37,HYDROXYPROPYL CELLULOSE \(430000 WAMW\),c,VQ8ZWO78F6,HYDROXYPROPYL CELLULOSE \(430000 WAMW\)
37,MAGNESIUM ALUMINOMETASILICATE TYPE IA,c,7LVU907546,MAGNESIUM ALUMINOMETASILICATE TYPE IA
37,"SODIUM PHOSPHATE, TRIBASIC, ANHYDROUS",c,SX01TZO3QZ,"SODIUM PHOSPHATE, TRIBASIC, ANHYDROUS"
37,SODIUM STARCH GLYCOLATE TYPE A POTATO,c,5856J3G2A2,SODIUM STARCH GLYCOLATE TYPE A POTATO
37,SODIUM STARCH GLYCOLATE TYPE B POTATO,c,27NA468985,SODIUM STARCH GLYCOLATE TYPE B POTATO
36,"HYDROXYPROPYL CELLULOSE, UNSPECIFIED",c,9XZ8H6N6OH,"HYDROXYPROPYL CELLULOSE, UNSPECIFIED"
36,3-\(N-MORPHOLINO\)PROPANESULFONIC ACID,c,273BP63NV3,3-\(N-MORPHOLINO\)PROPANESULFONIC ACID
36,POLYOXYETHYLENE SORBITAN MONOLAURATE,c,7T1F30V5YH,POLYSORBATE 20
36,"DIPALMITOYLPHOSPHATIDYLGLYCEROL, DL-",c,VA9U6BR3SB,"DIPALMITOYLPHOSPHATIDYLGLYCEROL, DL-"
36,HYDROXYPROPYL CELLULOSE \(20000 WAMW\),c,KZQ570MOA5,HYDROXYPROPYL CELLULOSE \(20000 WAMW\)
36,HYDROXYPROPYL CELLULOSE \(45000 WAMW\),c,8VAB711C5E,HYDROXYPROPYL CELLULOSE \(45000 WAMW\)
36,HYDROXYPROPYL CELLULOSE \(70000 WAMW\),c,66O7AQV0RT,HYDROXYPROPYL CELLULOSE \(70000 WAMW\)
36,HYDROXYPROPYL CELLULOSE \(90000 WAMW\),c,UKE75GEA7F,HYDROXYPROPYL CELLULOSE \(90000 WAMW\)
36,PEG-20 METHYL GLUCOSE SESQUISTEARATE,c,0345752X7U,PEG-20 METHYL GLUCOSE SESQUISTEARATE
36,PROPYLENE GLYCOL MONOPALMITOSTEARATE,c,F76354LMGR,PROPYLENE GLYCOL MONOPALMITOSTEARATE
36,"SODIUM PHOSPHATE, DIBASIC, ANHYDROUS",c,22ADO53M6F,"SODIUM PHOSPHATE, DIBASIC, ANHYDROUS"
36,"SODIUM PHOSPHATE, DIBASIC, DIHYDRATE",c,94255I6E2T,"SODIUM PHOSPHATE, DIBASIC, DIHYDRATE"
35,"HYDROXYPROPYL\s{0,1}METHYLCELLULOSE",c,3NXW29V3WO,"HYPROMELLOSE, UNSPECIFIED"
35,ANHYDROUS DIBASIC CALCIUM PHOSPHATE,c,L11K75P92J,ANHYDROUS DIBASIC CALCIUM PHOSPHATE
35,DIBASIC CALCIUM PHOSPHATE DIHYDRATE,c,O7TSZ97GEP,DIBASIC CALCIUM PHOSPHATE DIHYDRATE
35,CAPRYLOCAPROYL POLYOXYLGLYCERIDES 8,c,00BT03FSO2,CAPRYLOCAPROYL POLYOXYLGLYCERIDES 8
35,POLYOXYETHYLENE SORBITAN MONOOLEATE,c,6OZP39ZG8H,POLYSORBATE 80
35,"CALCIUM PHOSPHATE, UNSPECIFIED FORM",c,97Z1WI3NDX,"CALCIUM PHOSPHATE, UNSPECIFIED FORM"
35,CAPRYLOCAPROYL POLYOXYLGLYCERIDES 8,c,00BT03FSO2,CAPRYLOCAPROYL POLYOXYLGLYCERIDES 8
35,GLYCERYL MONO AND DIPALMITOSTEARATE,c,KC98RO82HJ,GLYCERYL MONO AND DIPALMITOSTEARATE
35,"HYDROXYETHYL CELLULOSE, UNSPECIFIED",c,T4V6TWG28D,"HYDROXYETHYL CELLULOSE, UNSPECIFIED"
35,"MAGNESIUM SULFATE, UNSPECIFIED FORM",c,DE08037SAB,"MAGNESIUM SULFATE, UNSPECIFIED FORM"
35,POLYOXYL 40 HYDROGENATED CASTOR OIL,c,7YC686GQ8F,POLYOXYL 40 HYDROGENATED CASTOR OIL
35,SODIUM STARCH GLYCOLATE TYPE A CORN,c,AG9B65PV6B,SODIUM STARCH GLYCOLATE TYPE A CORN
35,CAPRYLOCAPROYL POLYOXYLGLYCERIDES 8,c,00BT03FSO2,CAPRYLOCAPROYL POLYOXYLGLYCERIDES 8
34,DIHYDROXYALUMINUM SODIUM CARBONATE,c,84H8Z9550J,DIHYDROXYALUMINUM SODIUM CARBONATE
34,"DISTEAROYLPHOSPHATIDYLCHOLINE, DL-",c,EAG959U971,"DISTEAROYLPHOSPHATIDYLCHOLINE, DL-"
34,GELATIN TYPE A PORCINE \(160 BLOOM\),c,7Z075S9991,GELATIN TYPE A PORCINE \(160 BLOOM\)
34,GLYCERYL MONO AND DICAPRYLOCAPRATE,c,U72Q2I8C85,GLYCERYL MONO AND DICAPRYLOCAPRATE
34,GLYCERYL STEARATE/PEG-100 STEARATE,c,RD25J5V947,GLYCERYL STEARATE/PEG-100 STEARATE
34,GLYCERYL STEARATE/PEG-100 STEARATE,c,RD25J5V947,GLYCERYL STEARATE/PEG-100 STEARATE
34,PINE NEEDLE OIL \(PINUS SYLVESTRIS\),c,5EXL5H740Y,PINE NEEDLE OIL \(PINUS SYLVESTRIS\)
34,diethylenetriaminepentaacetic acid,c,7A314HQM0I,PENTETIC ACID
33,ISOTONIC SODIUM CHLORIDE SOLUTION,c,VR5Y7PDT5W,ISOTONIC SODIUM CHLORIDE SOLUTION
33,"CALCIUM SULFATE, UNSPECIFIED FORM",c,WAT0DDB505,"CALCIUM SULFATE, UNSPECIFIED FORM"
33,DIETHYLENE GLYCOL MONOETHYL ETHER,c,A1A1I8X02B,DIETHYLENE GLYCOL MONOETHYL ETHER
33,GELATIN TYPE B BOVINE \(160 BLOOM\),c,1T8387508X,GELATIN TYPE B BOVINE \(160 BLOOM\)
33,GELATIN TYPE B BOVINE \(200 BLOOM\),c,A7JR5F8DLH,GELATIN TYPE B BOVINE \(200 BLOOM\)
33,GELATIN TYPE B BOVINE \(230 BLOOM\),c,WIL1404U79,GELATIN TYPE B BOVINE \(230 BLOOM\)
33,ISOTONIC SODIUM CHLORIDE SOLUTION,c,VR5Y7PDT5W,ISOTONIC SODIUM CHLORIDE SOLUTION
33,2-hydroxypropyl-beta-cyclodextrin,c,1I96OHX6EK,HYDROXYPROPYL BETADEX
33,HYDROXYPROPYL-B-CYCLODEXTRIN,c,1I96OHX6EK,HYDROXYPROPYL BETADEX
32,ETHYLENEDIAMINE TETRAACETIC ACID,c,9G34HU7RV0,EDETIC ACID
32,ALUMINUM STARCH OCTENYLSUCCINATE,c,I9PJ0O6294,ALUMINUM STARCH OCTENYLSUCCINATE
32,CYSTEINE HYDROCHLORIDE ANHYDROUS,c,A9U1687S1S,CYSTEINE HYDROCHLORIDE ANHYDROUS
32,HYPROMELLOSE 2208 \(100000 MPA\.S\),c,VM7F0B23ZI,HYPROMELLOSE 2208 \(100000 MPA\.S\)
32,LAURIC/MYRISTIC DIETHANOLOLAMIDE,c,KB1BQB7R06,LAURIC/MYRISTIC DIETHANOLOLAMIDE
32,PEG-25 PROPYLENE GLYCOL STEARATE,c,X21KPH4633,PEG-25 PROPYLENE GLYCOL STEARATE
31,SODIUM THIOSULFATE PENTAHYDRATE,c,HX1032V43M,SODIUM THIOSULFATE
31,"CARBOXYMETHYLCELLULOSE, CALCIUM",c,UTY7PDF93L,CARBOXYMETHYLCELLULOSE CALCIUM
31,APRICOT KERNEL OIL PEG-6 ESTERS,c,DRG3KJZ1TJ,APRICOT KERNEL OIL PEG-6 ESTERS
31,"\.ALPHA\.-TOCOPHEROL ACETATE, DL-",c,WR1WPI7EW8,"\.ALPHA\.-TOCOPHEROL ACETATE, DL-"
31,BETADEX SULFOBUTYL ETHER SODIUM,c,2PP9364507,BETADEX SULFOBUTYL ETHER SODIUM
31,DISODIUM LAURETH SULFOSUCCINATE,c,D6DH1DTN7E,DISODIUM LAURETH SULFOSUCCINATE
31,DOCUSATE SODIUM/SODIUM BENZOATE,c,656HXR6YXN,DOCUSATE SODIUM/SODIUM BENZOATE
31,ETHYLENE GLYCOL MONOETHYL ETHER,c,IDK7C2HS09,ETHYLENE GLYCOL MONOETHYL ETHER
31,ETHYLENEDIAMINE DIHYDROCHLORIDE,c,91WQV43244,ETHYLENEDIAMINE DIHYDROCHLORIDE
31,HYDROGENATED STARCH HYDROLYSATE,c,27F77DSJ5V,HYDROGENATED STARCH HYDROLYSATE
31,HYPROMELLOSE 2208 \(15000 MPA\.S\),c,Z78RG6M2N2,HYPROMELLOSE 2208 \(15000 MPA\.S\)
31,HYPROMELLOSE 2910 \(10000 MPA\.S\),c,0HO1H52958,HYPROMELLOSE 2910 \(10000 MPA\.S\)
31,HYPROMELLOSE 2910 \(15000 MPA\.S\),c,288VBX44JC,HYPROMELLOSE 2910 \(15000 MPA\.S\)
31,PEG-120 METHYL GLUCOSE DIOLEATE,c,YM0K64F20V,PEG-120 METHYL GLUCOSE DIOLEATE
31,SODIUM FORMALDEHYDE SULFOXYLATE,c,X4ZGP7K714,SODIUM FORMALDEHYDE SULFOXYLATE
31,"SODIUM METAPHOSPHATE, INSOLUBLE",c,GQ3AN47ZIY,"SODIUM METAPHOSPHATE, INSOLUBLE"
31,APRICOT KERNEL OIL PEG-6 ESTERS,c,DRG3KJZ1TJ,APRICOT KERNEL OIL PEG-6 ESTERS
31,Hydroxypropyl-beta-cyclodextrin,c,1I96OHX6EK,HYDROXYPROPYL BETADEX
31,polyvinylpyrrolidone \(PVP\) K-30,c,U725QWY32X,POVIDONE K30
30,SODIUM\sCARBOXYMETHYLCELLULOSE,c,K679OBS311,"CARBOXYMETHYLCELLULOSE SODIUM, UNSPECIFIED"
30,"N,N-BIS\(2-HYDROXYETHYL\)GLYCINE",c,1J484QFI1O,BICINE
30,CARBOXYMETHYLCELLULOSE CALCIUM,c,UTY7PDF93L,CARBOXYMETHYLCELLULOSE CALCIUM
30,"CARBOXYMETHYLCELLULOSE, SODIUM",c,K679OBS311,"CARBOXYMETHYLCELLULOSE SODIUM, UNSPECIFIED"
30,ALUMINUM SILICATE PENTAHYDRATE,c,IQ2A4DQ696,ALUMINUM SILICATE PENTAHYDRATE
30,DIHYDROXYALUMINUM AMINOACETATE,c,DO250MG0W6,DIHYDROXYALUMINUM AMINOACETATE
30,DISODIUM CITRATE SESQUIHYDRATE,c,CZ1032CEKR,DISODIUM CITRATE SESQUIHYDRATE
30,DISODIUM LAURYL SULFOSUCCINATE,c,P160Q81342,DISODIUM LAURYL SULFOSUCCINATE
30,GLYCERYL BEHENATE/EICOSADIOATE,c,73CJJ317SR,GLYCERYL BEHENATE/EICOSADIOATE
30,HAMAMELIS VIRGINIANA TOP WATER,c,NT00Y05A2V,HAMAMELIS VIRGINIANA TOP WATER
30,HYPROMELLOSE 2208 \(4000 MPA\.S\),c,39J80LT57T,HYPROMELLOSE 2208 \(4000 MPA\.S\)
30,HYPROMELLOSE 2906 \(4000 MPA\.S\),c,5EYA69XGAT,HYPROMELLOSE 2906 \(4000 MPA\.S\)
30,HYPROMELLOSE 2910 \(4000 MPA\.S\),c,RN3152OP35,HYPROMELLOSE 2910 \(4000 MPA\.S\)
30,PEG-60 HYDROGENATED CASTOR OIL,c,02NG325BQG,PEG-60 HYDROGENATED CASTOR OIL
30,"POLYVINYL ALCOHOL, UNSPECIFIED",c,532B59J990,"POLYVINYL ALCOHOL, UNSPECIFIED"
30,SODIUM PYRROLIDONE CARBOXYLATE,c,469OTG57A2,SODIUM PYRROLIDONE CARBOXYLATE
30,TRIETHANOLAMINE LAURYL SULFATE,c,E8458C1KAA,TRIETHANOLAMINE LAURYL SULFATE
30,"ZINC SULFATE, UNSPECIFIED FORM",c,89DS0H96TB,"ZINC SULFATE, UNSPECIFIED FORM"
29,DIOCTYL SODIUM SULFOSUCCINATE,c,F05Q2T2JA0,DOCUSATE SODIUM
29,CARBOXYMETHYLCELLULOSE SODIUM,c,K679OBS311,"CARBOXYMETHYLCELLULOSE SODIUM, UNSPECIFIED"
29,0\.9% SODIUM CHLORIDE SOLUTION,c,VR5Y7PDT5W,ISOTONIC SODIUM CHLORIDE SOLUTION
29,1-\(PHENYLAZO\)-2-NAPHTHYLAMINE,c,3VSI4D701X,1-\(PHENYLAZO\)-2-NAPHTHYLAMINE
29,HYDROGENATED SOYBEAN LECITHIN,c,H1109Z9J4N,HYDROGENATED SOYBEAN LECITHIN
29,HYPROMELLOSE 2208 \(100 MPA\.S\),c,B1QE5P712K,HYPROMELLOSE 2208 \(100 MPA\.S\)
29,"LACTIC ACID, UNSPECIFIED FORM",c,33X04XA5AT,"LACTIC ACID, UNSPECIFIED FORM"
29,METHYL GLUCOSE SESQUISTEARATE,c,V1YW10H14D,METHYL GLUCOSE SESQUISTEARATE
29,PEG-40 SORBITAN DIISOSTEARATE,c,JL4CCU7I1G,PEG-40 SORBITAN DIISOSTEARATE
29,PHENAZOPYRIDINE HYDROCHLORIDE,c,0EWG668W17,PHENAZOPYRIDINE HYDROCHLORIDE
29,POLYOXYL 20 CETOSTEARYL ETHER,c,YRC528SWUY,POLYOXYL 20 CETOSTEARYL ETHER
29,POLYVINYL ALCOHOL \(108000 MW\),c,QP3MK8Z0XS,POLYVINYL ALCOHOL \(108000 MW\)
29,MONOBASIC POTASSIUM PHOSPHATE,c,4J9FJ0HL51,MONOBASIC POTASSIUM PHOSPHATE
29,PROPYLENE GLYCOL MONOSTEARATE,c,MZM1I680W0,PROPYLENE GLYCOL MONOSTEARATE
29,Disodiummonohydrogenphosphate,c,22ADO53M6F,"SODIUM PHOSPHATE, DIBASIC, ANHYDROUS"
29,polyethylene glycol \(PEG\)-400,c,B697894SGQ,POLYETHYLENE GLYCOL 400
29,polyethylene glycol \(PEG\) 400,c,B697894SGQ,POLYETHYLENE GLYCOL 400
28,CARBOXYMETHYCELLULOSE SODIUM,c,K679OBS311,"CARBOXYMETHYLCELLULOSE SODIUM, UNSPECIFIED"
28,HYDROXYPROPYLMETHYLCELLULOSE,c,3NXW29V3WO,"HYPROMELLOSE, UNSPECIFIED"
28,"METHYLCELLULOSE, UNSPECIFIED",c,Z944H5SN0H,"METHYLCELLULOSE, UNSPECIFIED"
28,"POTASSIUM PHOSPHATE, DIBASIC",c,CI71S98N1Z,DIBASIC POTASSIUM PHOSPHATE
28,"TRISODIUM CITRATE, ANHYDROUS",c,RS7A450LGA,ANHYDROUS TRISODIUM CITRATE
28,ERYTHROSINE SODIUM ANHYDROUS,c,8TL7LH93FM,ERYTHROSINE SODIUM ANHYDROUS
28,HYPROMELLOSE 2906 \(50 MPA\.S\),c,612E703ZUQ,HYPROMELLOSE 2906 \(50 MPA\.S\)
28,HYPROMELLOSE 2910 \(15 MPA\.S\),c,36SFW2JZ0W,HYPROMELLOSE 2910 \(15 MPA\.S\)
28,METHYLCELLULOSE \(1500 MPA\.S\),c,P0NTE48364,METHYLCELLULOSE \(1500 MPA\.S\)
28,POLYACRYLIC ACID \(250000 MW\),c,9G2MAD7J6W,POLYACRYLIC ACID \(250000 MW\)
28,POLYVINYL ALCOHOL \(94000 MW\),c,C1MS7RRZ6L,POLYVINYL ALCOHOL \(94000 MW\)
28,PROPYLENE GLYCOL DICAPRYLATE,c,581437HWX2,PROPYLENE GLYCOL DICAPRYLATE
28,PROPYLENE GLYCOL MONOLAURATE,c,668Z5835Z3,PROPYLENE GLYCOL MONOLAURATE
28,"SODIUM 1,2-ETHANEDISULFONATE",c,2YZU14UIFP,"SODIUM 1,2-ETHANEDISULFONATE"
28,SODIUM CARBONATE MONOHYDRATE,c,2A1Q1Q3557,SODIUM CARBONATE MONOHYDRATE
28,SODIUM METHYL COCOYL TAURATE,c,JVL98CG53G,SODIUM METHYL COCOYL TAURATE
28,SODIUM POLYSTYRENE SULFONATE,c,1699G8679Z,SODIUM POLYSTYRENE SULFONATE
28,SODIUM THIOSULFATE ANHYDROUS,c,L0IYT1O31N,SODIUM THIOSULFATE ANHYDROUS
28,STEARAMIDOETHYL DIETHYLAMINE,c,25FFJ4209Z,STEARAMIDOETHYL DIETHYLAMINE
28,NMP \(N-Methyl-2-pyrrolidone\),c,JR9CE63FPM,METHYLPYRROLIDONE
28,Di sodium hydrogen phosphate,c,22ADO53M6F,"SODIUM PHOSPHATE, DIBASIC, ANHYDROUS"
28,NMP \(N-Methyl-2-pyrrolidone\),c,JR9CE63FPM,METHYLPYRROLIDONE
27,AMMONIUM HYDROGEN CARBONATE,c,45JP4345C9,AMMONIUM BICARBONATE
27,OLEOYL MACROGOL-6 GLYCERIDE,c,DRG3KJZ1TJ,APRICOT KERNEL OIL PEG-6 ESTERS
27,DIBASIC POTASSIUM PHOSPHATE,c,CI71S98N1Z,DIBASIC POTASSIUM PHOSPHATE
27,ANHYDROUS TRISODIUM CITRATE,c,RS7A450LGA,ANHYDROUS TRISODIUM CITRATE
27,"AMMONIUM PHOSPHATE, DIBASIC",c,10LGE70FSU,"AMMONIUM PHOSPHATE, DIBASIC"
27,DIACETYLATED MONOGLYCERIDES,c,5Z17386USF,DIACETYLATED MONOGLYCERIDES
27,DISODIUM COCOAMPHODIACETATE,c,18L9G3U51M,DISODIUM COCOAMPHODIACETATE
27,"ETHYLCELLULOSE, UNSPECIFIED",c,7Z8S9VYZ4B,"ETHYLCELLULOSE, UNSPECIFIED"
27,GLUTAMIC ACID HYDROCHLORIDE,c,M0C2SP444T,GLUTAMIC ACID HYDROCHLORIDE
27,GLYCERYL MONOCAPRYLOCAPRATE,c,G7515SW10N,GLYCERYL MONOCAPRYLOCAPRATE
27,HYDROGENATED COTTONSEED OIL,c,Z82Y2C65EA,HYDROGENATED COTTONSEED OIL
27,HYDROXYETHYL ETHYLCELLULOSE,c,ZDN57Z154K,HYDROXYETHYL ETHYLCELLULOSE
27,HYPROMELLOSE 2208 \(3 MPA\.S\),c,9H4L916OBU,HYPROMELLOSE 2208 \(3 MPA\.S\)
27,HYPROMELLOSE 2208 \(4 MPA\.S\),c,58779NIC8P,HYPROMELLOSE 2208 \(4 MPA\.S\)
27,HYPROMELLOSE 2910 \(3 MPA\.S\),c,0VUT3PMY82,HYPROMELLOSE 2910 \(3 MPA\.S\)
27,HYPROMELLOSE 2910 \(5 MPA\.S\),c,R75537T0T4,HYPROMELLOSE 2910 \(5 MPA\.S\)
27,HYPROMELLOSE 2910 \(6 MPA\.S\),c,0WZ8WG20P6,HYPROMELLOSE 2910 \(6 MPA\.S\)
27,INDIGOTINDISULFONATE SODIUM,c,D3741U8K7L,INDIGOTINDISULFONATE SODIUM
27,MAGNESIUM ALUMINUM SILICATE,c,6M3P64V0NC,MAGNESIUM ALUMINUM SILICATE
27,MAGNESIUM SULFATE ANHYDROUS,c,ML30MJ2U7I,MAGNESIUM SULFATE ANHYDROUS
27,METHYLCELLULOSE \(400 MPA\.S\),c,O0GN6F9B2Y,METHYLCELLULOSE \(400 MPA\.S\)
27,METHYLCHLOROISOTHIAZOLINONE,c,DEL7T5QRPN,METHYLCHLOROISOTHIAZOLINONE
27,PEG-20 SORBITAN ISOSTEARATE,c,X958PZJ9ON,PEG-20 SORBITAN ISOSTEARATE
27,POLYOXYL 15 HYDROXYSTEARATE,c,71YMM1X75O,POLYOXYL 15 HYDROXYSTEARATE
27,POLYVINYL ACETATE PHTHALATE,c,58QVG85GW3,POLYVINYL ACETATE PHTHALATE
27,STANNOUS CHLORIDE ANHYDROUS,c,R30H55TN67,STANNOUS CHLORIDE ANHYDROUS
27,TRISODIUM CITRATE DIHYDRATE,c,B22547B95K,TRISODIUM CITRATE DIHYDRATE
27,SOYBEAN PHOSPHATIDYLCHOLINE,c,6P5UC53N78,SOYBEAN PHOSPHATIDYLCHOLINE
27,Monosodiumhydrogenphosphate,c,3980JIH2SW,"SODIUM PHOSPHATE, MONOBASIC, UNSPECIFIED"
26,\.ALPHA\.-TOCOPHEROL ACETATE,c,9E8X80D2L0,\.ALPHA\.-TOCOPHEROL ACETATE
26,ALUMINUM SULFATE ANHYDROUS,c,I7T908772F,ALUMINUM SULFATE ANHYDROUS
26,CITRUS SINENSIS FLOWER OIL,c,AJ56JP5TFP,CITRUS SINENSIS FLOWER OIL
26,"DEXTROSE, UNSPECIFIED FORM",c,IY9XDZ35W2,"DEXTROSE, UNSPECIFIED FORM"
26,EDETATE DISODIUM ANHYDROUS,c,8NLQ36F6MM,EDETATE DISODIUM ANHYDROUS
26,ETHYLCELLULOSE \(100 MPA\.S\),c,47MLB0F1MV,ETHYLCELLULOSE \(100 MPA\.S\)
26,ETHYLHEXYL HYDROXYSTEARATE,c,B7I80BVV5E,ETHYLHEXYL HYDROXYSTEARATE
26,MEDIUM-CHAIN TRIGLYCERIDES,c,C9H2L21V7U,MEDIUM-CHAIN TRIGLYCERIDES
26,METHYLCELLULOSE \(15 MPA\.S\),c,NPU9M2E6L8,METHYLCELLULOSE \(15 MPA\.S\)
26,MICROCRYSTALLINE CELLULOSE,c,OP1R32D61U,MICROCRYSTALLINE CELLULOSE
26,POLYETHYLENE OXIDE 1000000,c,HZ58M6D839,POLYETHYLENE OXIDE 1000000
26,POLYETHYLENE OXIDE 2000000,c,5K3991GVWI,POLYETHYLENE OXIDE 2000000
26,POLYETHYLENE OXIDE 7000000,c,G3MS6M810Y,POLYETHYLENE OXIDE 7000000
26,PROPYLENE GLYCOL DIACETATE,c,5Z492UNF9O,PROPYLENE GLYCOL DIACETATE
26,SACCHARIN SODIUM ANHYDROUS,c,I4807BK602,SACCHARIN SODIUM ANHYDROUS
26,SODIUM CETOSTEARYL SULFATE,c,7ZBS06BH4B,SODIUM CETOSTEARYL SULFATE
26,SODIUM LAUROYL SARCOSINATE,c,632GS99618,SODIUM LAUROYL SARCOSINATE
26,SODIUM LAURYL SULFOACETATE,c,D0Y70F2B9J,SODIUM LAURYL SULFOACETATE
26,"SODIUM PHOSPHATE, TRIBASIC",c,A752Q30A6X,"SODIUM PHOSPHATE, TRIBASIC"
26,TRIBASIC CALCIUM PHOSPHATE,c,91D9GV0Z28,TRIBASIC CALCIUM PHOSPHATE
26,TRICHLOROMONOFLUOROMETHANE,c,990TYB331R,TRICHLOROMONOFLUOROMETHANE
25,"HYPROMELLOSE, UNSPECIFIED",c,3NXW29V3WO,"HYPROMELLOSE, UNSPECIFIED"
25,POLYETHYLENE GLYCOL 20000,c,5WKN5KL2O8,POLYETHYLENE GLYCOL 20000
25,CALCIUM SULFATE ANHYDROUS,c,E934B3V59H,CALCIUM SULFATE ANHYDROUS
25,CALCIUM SULFATE DIHYDRATE,c,4846Q921YM,CALCIUM SULFATE DIHYDRATE
25,CHLOROBUTANOL HEMIHYDRATE,c,3X4P6271OX,CHLOROBUTANOL HEMIHYDRATE
25,DICHLOROTETRAFLUOROETHANE,c,6B5VVT93AR,DICHLOROTETRAFLUOROETHANE
25,DISODIUM HYDROGEN CITRATE,c,6FO62KCQ7A,DISODIUM HYDROGEN CITRATE
25,ETHYLCELLULOSE \(10 MPA\.S\),c,3DYK7UYZ62,ETHYLCELLULOSE \(10 MPA\.S\)
25,ETHYLCELLULOSE \(20 MPA\.S\),c,BJG0S321QY,ETHYLCELLULOSE \(20 MPA\.S\)
25,ETHYLCELLULOSE \(45 MPA\.S\),c,V7AD894FAZ,ETHYLCELLULOSE \(45 MPA\.S\)
25,ETHYLCELLULOSE \(50 MPA\.S\),c,6I475159RA,ETHYLCELLULOSE \(50 MPA\.S\)
25,HIGH DENSITY POLYETHYLENE,c,UG00KM4WR7,HIGH DENSITY POLYETHYLENE
25,"LACTOSE, UNSPECIFIED FORM",c,J2B2A4N98G,"LACTOSE, UNSPECIFIED FORM"
25,LAUROYL PEG-32 GLYCERIDES,c,H5ZC52369M,LAUROYL PEG-32 GLYCERIDES
25,MAGNESIUM PALMITOSTEARATE,c,R4OXA9G5BV,MAGNESIUM PALMITOSTEARATE
25,"MENTHOL, UNSPECIFIED FORM",c,L7T10EIP3A,"MENTHOL, UNSPECIFIED FORM"
25,PEG/PPG-18/18 DIMETHICONE,c,9H0AO7T794,PEG/PPG-18/18 DIMETHICONE
25,PEG-120 GLYCERYL STEARATE,c,6941286E4I,PEG-120 GLYCERYL STEARATE
25,POLYETHYLENE OXIDE 100000,c,V46Y6OJ5QB,POLYETHYLENE OXIDE 100000
25,POLYETHYLENE OXIDE 200000,c,11628IH70O,POLYETHYLENE OXIDE 200000
25,POLYETHYLENE OXIDE 900000,c,16P9295IIL,POLYETHYLENE OXIDE 900000
25,POLYSTYRENE SULFONIC ACID,c,70KO0R01RY,POLYSTYRENE SULFONIC ACID
25,PROPYLENE GLYCOL ALGINATE,c,26CD3J2R0C,PROPYLENE GLYCOL ALGINATE
25,SODIUM COCOYL ISETHIONATE,c,518XTE8493,SODIUM COCOYL ISETHIONATE
25,SODIUM TARTRATE DIHYDRATE,c,DIA7C37AOW,SODIUM TARTRATE DIHYDRATE
24,POLYETHYLENE GLYCOL 1000,c,U076Q6Q621,POLYETHYLENE GLYCOL 1000
24,POLYETHYLENE GLYCOL 1450,c,OJ4Z5Z32L4,POLYETHYLENE GLYCOL 1450
24,POLYETHYLENE GLYCOL 1600,c,1212Z7S33A,POLYETHYLENE GLYCOL 1600
24,POLYETHYLENE GLYCOL 3000,c,SA1B764746,POLYETHYLENE GLYCOL 3000
24,POLYETHYLENE GLYCOL 3350,c,G2M7P15E5P,POLYETHYLENE GLYCOL 3350
24,POLYETHYLENE GLYCOL 3500,c,FVS1AZD90Y,POLYETHYLENE GLYCOL 3500
24,POLYETHYLENE GLYCOL 4000,c,4R4HFI6D95,POLYETHYLENE GLYCOL 4000
24,POLYETHYLENE GLYCOL 4500,c,TVH7653921,POLYETHYLENE GLYCOL 4500
24,POLYETHYLENE GLYCOL 6000,c,30IQX730WE,POLYETHYLENE GLYCOL 6000
24,POLYETHYLENE GLYCOL 8000,c,Q662QK8M3B,POLYETHYLENE GLYCOL 8000
24,BUTYLATED HYDROXYANISOLE,c,REK4960K2U,BUTYLATED HYDROXYANISOLE
24,BUTYLATED HYDROXYTOLUENE,c,1P9D0Z171K,BUTYLATED HYDROXYTOLUENE
24,CETYLPYRIDINIUM CHLORIDE,c,D9OM4SK49P,CETYLPYRIDINIUM CHLORIDE
24,EDETATE CALCIUM DISODIUM,c,25IH6R4SGF,EDETATE CALCIUM DISODIUM
24,ETHYLCELLULOSE \(4 MPA\.S\),c,KC5472WRJK,ETHYLCELLULOSE \(4 MPA\.S\)
24,ETHYLCELLULOSE \(7 MPA\.S\),c,H3UP11403C,ETHYLCELLULOSE \(7 MPA\.S\)
24,FUMARYL DIKETOPIPERAZINE,c,XB09609XSL,FUMARYL DIKETOPIPERAZINE
24,GLYCERYL PALMITOSTEARATE,c,GSY51O183C,GLYCERYL PALMITOSTEARATE
24,HIGH FRUCTOSE CORN SYRUP,c,XY6UN3QB6S,HIGH FRUCTOSE CORN SYRUP
24,HORNSTEDTIA COSTATA SEED,c,T44ZYB1BAV,HORNSTEDTIA COSTATA SEED
24,HYDROGENATED COCONUT OIL,c,JY81OXM1OM,HYDROGENATED COCONUT OIL
24,HYDROGENATED SOYBEAN OIL,c,A2M91M918C,HYDROGENATED SOYBEAN OIL
24,LIGHT GREEN CF YELLOWISH,c,K414AX1M5S,LIGHT GREEN CF YELLOWISH
24,LIGHT GREEN SF YELLOWISH,c,3F7BHA64Z0,LIGHT GREEN SF YELLOWISH
24,MILK PROTEIN CONCENTRATE,c,871QYF3I7B,MILK PROTEIN CONCENTRATE
24,SILICA DIMETHYL SILYLATE,c,EU2PSP0G0W,SILICA DIMETHYL SILYLATE
24,SODIUM ACETATE ANHYDROUS,c,NVG71ZZ7P0,SODIUM ACETATE ANHYDROUS
24,SODIUM BISULFATE ACETONE,c,A9IO7TF4S0,SODIUM BISULFATE ACETONE
24,SODIUM LAURETH-2 SULFATE,c,ZZQ59TY3KG,SODIUM LAURETH-2 SULFATE
24,SODIUM LAURETH-3 SULFATE,c,BPV390UAP0,SODIUM LAURETH-3 SULFATE
24,SODIUM LAURETH-5 SULFATE,c,410Q7WN1BX,SODIUM LAURETH-5 SULFATE
24,SODIUM POLYMETAPHOSPHATE,c,P1BM4ZH95L,SODIUM POLYMETAPHOSPHATE
24,SODIUM SULFATE ANHYDROUS,c,36KCS0R750,SODIUM SULFATE ANHYDROUS
24,diglycerol monocaprylate,c,JX7WXJ41DH,POLYGLYCERYL-2 CAPRATE
24,GLYCERYL PALMITOSTEARATE,c,GSY51O183C,GLYCERYL PALMITOSTEARATE
23,METHOCEL E50 PREMIUM LV,c,05JZI7B19X,CARBOXYMETHYLCELLULOSE
23,12-AMINODODECANOIC ACID,c,9042RP777G,12-AMINODODECANOIC ACID
23,AMMONIUM ACETATE BUFFER,c,RRE756S6Q2,AMMONIUM ACETATE
23,CIS-9-OCTADECENOIC ACID,c,2UMI9U37CP,OLEIC ACID
23,CITRIC ACID MONOHYDRATE,c,2968PHW8QP,CITRIC ACID MONOHYDRATE
23,STANDARD SALINE CITRATE,c,2968PHW8QP,CITRIC ACID MONOHYDRATE
23,HYDROXYPROPYL CELLULOSE,c,9XZ8H6N6OH,"HYDROXYPROPYL CELLULOSE, UNSPECIFIED"
23,POLYETHYLENE GLYCOL 200,c,R95B8J264J,POLYETHYLENE GLYCOL 200
23,POLYETHYLENE GLYCOL 300,c,5655G9Y8AQ,POLYETHYLENE GLYCOL 300
23,POLYETHYLENE GLYCOL 400,c,B697894SGQ,POLYETHYLENE GLYCOL 400
23,POLYETHYLENE GLYCOL 600,c,NL4J9F21N9,POLYETHYLENE GLYCOL 600
23,POLYETHYLENE GLYCOL 800,c,UH6KR4953D,POLYETHYLENE GLYCOL 800
23,POLYETHYLENE GLYCOL 900,c,UEP843BRCQ,POLYETHYLENE GLYCOL 900
23,"\.ALPHA\.-TOCOPHEROL, DL-",c,7QWA1RIO01,"\.ALPHA\.-TOCOPHEROL, DL-"
23,AMMONIUM LAURYL SULFATE,c,Q7AO2R1M0B,AMMONIUM LAURYL SULFATE
23,BENZODODECINIUM BROMIDE,c,IRY12B2TQ6,BENZODODECINIUM BROMIDE
23,CETEARYL ETHYLHEXANOATE,c,9M64UO4C25,CETEARYL ETHYLHEXANOATE
23,CITRIC ACID MONOHYDRATE,c,2968PHW8QP,CITRIC ACID MONOHYDRATE
23,DICHLORODIFLUOROMETHANE,c,OFM06SG1KO,DICHLORODIFLUOROMETHANE
23,GUANIDINE HYDROCHLORIDE,c,3YQC9ZY4YB,GUANIDINE HYDROCHLORIDE
23,HYDROGENATED CASTOR OIL,c,ZF94AP8MEY,HYDROGENATED CASTOR OIL
23,HYDROXYMETHYL CELLULOSE,c,273FM27VK1,HYDROXYMETHYL CELLULOSE
23,N-PHENYL-1-NAPTHYLAMINE,c,5I112077IN,N-PHENYL-1-NAPTHYLAMINE
23,POTASSIUM METABISULFITE,c,65OE787Q7W,POTASSIUM METABISULFITE
23,POTASSIUM METAPHOSPHATE,c,01DMT14Z63,POTASSIUM METAPHOSPHATE
23,SODIUM STEARYL FUMARATE,c,7CV7WJK4UI,SODIUM STEARYL FUMARATE
23,12-AMINODODECANOIC ACID,c,9042RP777G,12-AMINODODECANOIC ACID
23,POLYGLYCERYL-6 DIOLEATE,c,062SZD3F3X,POLYGLYCERYL-6 DIOLEATE
23,METHYL CELLULOSE 400 CP,c,O0GN6F9B2Y,METHYLCELLULOSE (400 MPA.S)
22,CARBOXYMETHYLCELLULOSE,c,05JZI7B19X,CARBOXYMETHYLCELLULOSE
22,"CITRIC ACID, ANHYDROUS",c,XF417D3PSL,ANHYDROUS CITRIC ACID
22,CARBOXYMETHYLCELLULOSE,c,05JZI7B19X,CARBOXYMETHYLCELLULOSE
22,POLYOXYL 35 CASTOR OIL,c,6D4M1DAL6O,POLYOXYL 35 CASTOR OIL
22," L-?-LECITHIN, SOYBEAN",c,1DI56QDM62,"LECITHIN, SOYBEAN"
22,ACETYLTRIBUTYL CITRATE,c,0ZBX0N59RZ,ACETYLTRIBUTYL CITRATE
22,CYSTEINE HYDROCHLORIDE,c,ZT934N0X4W,CYSTEINE HYDROCHLORIDE
22,DICHLOROBENZYL ALCOHOL,c,1NKX3648J9,DICHLOROBENZYL ALCOHOL
22,GLYCERYL MONOCAPRYLATE,c,TM2TZD4G4A,GLYCERYL MONOCAPRYLATE
22,HYMETELLOSE \(50 MPA\.S\),c,0MGW7Q3QG4,HYMETELLOSE \(50 MPA\.S\)
22,ORANGE OIL TERPENELESS,c,L8B7EWV9I7,ORANGE OIL TERPENELESS
22,PHENYLMERCURIC ACETATE,c,OSX88361UX,PHENYLMERCURIC ACETATE
22,PHENYLMERCURIC NITRATE,c,CG8692ZN14,PHENYLMERCURIC NITRATE
22,POLYOXYL 35 CASTOR OIL,c,6D4M1DAL6O,POLYOXYL 35 CASTOR OIL
22,QUATERNIUM-15 CIS-FORM,c,LIT014L4RH,QUATERNIUM-15 CIS-FORM
22,SODIUM ALUMINOSILICATE,c,058TS43PSM,SODIUM ALUMINOSILICATE
22,"SODIUM TALLOWATE, BEEF",c,07RIK6QMEW,"SODIUM TALLOWATE, BEEF"
22,SORBITAN MONOPALMITATE,c,77K6Z421KU,SORBITAN MONOPALMITATE
22,STEARALKONIUM CHLORIDE,c,0OUO26BB88,STEARALKONIUM CHLORIDE
22,STEARIC DIETHANOLAMIDE,c,4V4H07OJB9,STEARIC DIETHANOLAMIDE
22,TERT-BUTYLHYDROQUINONE,c,C12674942B,TERT-BUTYLHYDROQUINONE
22,sodium dodecyl sulfate \(SDS\),c,368GB5141J,SODIUM LAURYL SULFATE
22,sodium dodecyl sulfate,c,368GB5141J,SODIUM LAURYL SULFATE
22,Methyl cellulose \(A4M\),c,MRJ667KA5E,METHYLCELLULOSE (4000 MPA.S)
21,REVERSE OSMOSIS WATER,c,059QF0KO0R,WATER
21,SODIUM LAURYL SULFATE,c,368GB5141J,SODIUM LAURYL SULFATE
21,DIHYDROXYETHYLGLYCINE,c,1J484QFI1O,BICINE
21,SODIUM CITRATE BUFFER,c,2968PHW8QP,CITRIC ACID MONOHYDRATE
21,ANHYDROUS CITRIC ACID,c,XF417D3PSL,ANHYDROUS CITRIC ACID
21,CROSCARMELLOSE SODIUM,c,M28OL1HH48,CROSCARMELLOSE SODIUM
21,SODIUM CROSCARMELLOSE,c,M28OL1HH48,CROSCARMELLOSE SODIUM
21,"N,N-DIMETHYLFORMAMIDE",c,8696NH0Y2X,"N,N-DIMETHYLFORMAMIDE"
21,SODIUM LAURYL SULFATE,c,368GB5141J,SODIUM LAURYL SULFATE
21,LECITHIN FROM SOYBEAN,c,1DI56QDM62,"LECITHIN, SOYBEAN"
21,ALUMINUM MONOSTEARATE,c,P9BC99461E,ALUMINUM MONOSTEARATE
21,BENZALKONIUM CHLORIDE,c,F5UM2KM3W7,BENZALKONIUM CHLORIDE
21,BENZETHONIUM CHLORIDE,c,PH41D05744,BENZETHONIUM CHLORIDE
21,CALCIUM POLYCARBOPHIL,c,8F049NKY49,CALCIUM POLYCARBOPHIL
21,CALCIUM PYROPHOSPHATE,c,X69NU20D19,CALCIUM PYROPHOSPHATE
21,COCO MONOETHANOLAMIDE,c,C80684146D,COCO MONOETHANOLAMIDE
21,COCOYL CAPRYLOCAPRATE,c,8D9H4QU99H,COCOYL CAPRYLOCAPRATE
21,EXT\. D&C YELLOW NO\. 7,c,08F8S9O3I5,EXT\. D&C YELLOW NO\. 7
21,FORMALDEHYDE SOLUTION,c,T0H3L6C7I5,FORMALDEHYDE SOLUTION
21,GALACTOSE MONOHYDRATE,c,2C22T7DYYR,GALACTOSE MONOHYDRATE
21,GLYCERYL MONOSTEARATE,c,230OU9XXE4,GLYCERYL MONOSTEARATE
21,GLYCINE HYDROCHLORIDE,c,225ZLC74HX,GLYCINE HYDROCHLORIDE
21,HYDROGENATED PALM OIL,c,257THB963H,HYDROGENATED PALM OIL
21,HYDROXYPROPYL BETADEX,c,1I96OHX6EK,HYDROXYPROPYL BETADEX
21,ISOPROPYL ISOSTEARATE,c,C67IXB9Y7T,ISOPROPYL ISOSTEARATE
21,LAURIC DIETHANOLAMIDE,c,I29I2VHG38,LAURIC DIETHANOLAMIDE
21,MAGNESIUM TRISILICATE,c,C2E1CI501T,MAGNESIUM TRISILICATE
21,"N,N-DIMETHYLACETAMIDE",c,JCV5VDB3HY,"N,N-DIMETHYLACETAMIDE"
21,PENTASODIUM PENTETATE,c,961TOZ5L7T,PENTASODIUM PENTETATE
21,POLYGLYCERYL-3 OLEATE,c,XRQ165498B,POLYGLYCERYL-3 OLEATE
21,POTASSIUM BICARBONATE,c,HM5Z15LEBN,POTASSIUM BICARBONATE
21,PPG-12/SMDI COPOLYMER,c,1BK9DDD24E,PPG-12/SMDI COPOLYMER
21,SORBITAN MONOSTEARATE,c,NVZ4I0H58X,SORBITAN MONOSTEARATE
21,SORBITAN SESQUIOLEATE,c,0W8RRI5W5A,SORBITAN SESQUIOLEATE
21,HYDROXYETHYLCELLULOSE,c,T4V6TWG28D,"HYDROXYETHYL CELLULOSE, UNSPECIFIED"
21,propylene glycol \(PG\),c,6DC9Q167V3,PROPYLENE GLYCOL
20,AMMONIUM BICARBONATE,c,45JP4345C9,AMMONIUM BICARBONATE
20,CHLOROACETATE BUFFER,c,5GD84Y125G,CHLOROACETIC ACID
20,GLYCYLGLYCINE BUFFER,c,10525P22U0,DIGLYCINE
20,POLYVINYL PYRROLIDON,c,2S7830E561,CROSPOVIDONE
20,PHYSIOLOGICAL SALINE,c,VR5Y7PDT5W,ISOTONIC SODIUM CHLORIDE SOLUTION
20,ACESULFAME POTASSIUM,c,23OV73Q5G9,ACESULFAME POTASSIUM
20,AMINOBENZOATE SODIUM,c,75UI7QUZ5J,AMINOBENZOATE SODIUM
20,BENZENESULFONIC ACID,c,685928Z18A,BENZENESULFONIC ACID
20,BISMUTH SUBCARBONATE,c,M41L2IN55T,BISMUTH SUBCARBONATE
20,DEXTROSE MONOHYDRATE,c,LX22YL083G,DEXTROSE MONOHYDRATE
20,"GELATIN, UNSPECIFIED",c,2G86QN327L,"GELATIN, UNSPECIFIED"
20,GLYCERYL ISOSTEARATE,c,HYE7O27HAO,GLYCERYL ISOSTEARATE
20,GLYCERYL MONOCITRATE,c,4987GT719I,GLYCERYL MONOCITRATE
20,GLYCERYL RICINOLEATE,c,ZUE0CEL42O,GLYCERYL RICINOLEATE
20,GLYCERYL STEARATE SE,c,FCZ5MH785I,GLYCERYL STEARATE SE
20,GLYCERYL TRISTEARATE,c,P6OCJ2551R,GLYCERYL TRISTEARATE
20,LACTITOL MONOHYDRATE,c,UH2K6W1Y64,LACTITOL MONOHYDRATE
20,LIME \(CALCIUM OXIDE\),c,C7X2M0VVNH,LIME \(CALCIUM OXIDE\)
20,METHANESULFONIC ACID,c,12EH9M7279,METHANESULFONIC ACID
20,METHYLPARABEN SODIUM,c,CR6K9C2NHK,METHYLPARABEN SODIUM
20,MICROCRYSTALLINE WAX,c,XOF597Q3KY,MICROCRYSTALLINE WAX
20,MONOSODIUM GLUTAMATE,c,W81N5U6R6U,MONOSODIUM GLUTAMATE
20,POLACRILIN POTASSIUM,c,0BZ5A00FQU,POLACRILIN POTASSIUM
20,POLIDRONIUM CHLORIDE,c,6716Z5YR3G,POLIDRONIUM CHLORIDE
20,POLYBUTENE \(1400 MW\),c,1NA5AO9GH7,POLYBUTENE \(1400 MW\)
20,POLYOXYL 40 STEARATE,c,13A4J4NH9I,POLYOXYL 40 STEARATE
20,POTASSIUM BITARTRATE,c,NPT6P8P3UU,POTASSIUM BITARTRATE
20,PPG-15 STEARYL ETHER,c,1II18XLS1L,PPG-15 STEARYL ETHER
20,PROPYLPARABEN SODIUM,c,625NNB0G9N,PROPYLPARABEN SODIUM
20,SODIUM METABISULFITE,c,4VON5FNS3C,SODIUM METABISULFITE
20,SODIUM PYROPHOSPHATE,c,O352864B8Z,SODIUM PYROPHOSPHATE
20,SORBITAN MONOLAURATE,c,6W9PS8B71J,SORBITAN MONOLAURATE
20,SORBITAN TRISTEARATE,c,6LUM696811,SORBITAN TRISTEARATE
19,"DEXTROSE, ANHYDROUS",c,5SL0G7R0OK,ANHYDROUS DEXTROSE
19,WATER FOR INJECTION,c,059QF0KO0R,WATER
19,N-METHYLPYRROLIDONE,c,JR9CE63FPM,METHYLPYRROLIDONE
19,AMINOMETHYLPROPANOL,c,LU49E6626Q,AMINOMETHYLPROPANOL
19,CAMPHOR \(SYNTHETIC\),c,5TJD82A1ET,CAMPHOR \(SYNTHETIC\)
19,CARRAGEENAN CALCIUM,c,5C4SQ0541D,CARRAGEENAN CALCIUM
19,"CELLULOSE, OXIDIZED",c,44AIH82TSC,"CELLULOSE, OXIDIZED"
19,CETOSTEARYL ALCOHOL,c,2DMT128M1S,CETOSTEARYL ALCOHOL
19,COCO DIETHANOLAMIDE,c,92005F972D,COCO DIETHANOLAMIDE
19,DENATONIUM BENZOATE,c,4YK5Z54AT2,DENATONIUM BENZOATE
19,DIISOPROPYL ADIPATE,c,P7E6YFV72X,DIISOPROPYL ADIPATE
19,DIMETHYL ISOSORBIDE,c,SA6A6V432S,DIMETHYL ISOSORBIDE
19,ETHYLPARABEN SODIUM,c,Z0D00IVA10,ETHYLPARABEN SODIUM
19,FERRIC OXIDE YELLOW,c,EX438O2MRT,FERRIC OXIDE YELLOW
19,FERROSOFERRIC OXIDE,c,XM0M87F357,FERROSOFERRIC OXIDE
19,GLYCERYL 1-STEARATE,c,258491E1RZ,GLYCERYL 1-STEARATE
19,GLYCERYL DIBEHENATE,c,R8WTH25YS2,GLYCERYL DIBEHENATE
19,GLYCERYL DISTEARATE,c,73071MW2KM,GLYCERYL DISTEARATE
19,ISOPROPYL MYRISTATE,c,0RE8K4LNJS,ISOPROPYL MYRISTATE
19,ISOPROPYL PALMITATE,c,8CRQ2TH63M,ISOPROPYL PALMITATE
19,LACTOSE MONOHYDRATE,c,EWQ57Q8I5X,LACTOSE MONOHYDRATE
19,MAGNESIUM CARBONATE,c,0E53J927NA,MAGNESIUM CARBONATE
19,MAGNESIUM HYDROXIDE,c,NBZ3QY004S,MAGNESIUM HYDROXIDE
19,MALTOSE MONOHYDRATE,c,DM477EE40D,MALTOSE MONOHYDRATE
19,METAPHOSPHORIC ACID,c,MTK99R3UV0,METAPHOSPHORIC ACID
19,METHYL ETHYL KETONE,c,6PT9KLV9IO,METHYL ETHYL KETONE
19,MIRIPIRIUM CHLORIDE,c,3D6CWI0P23,MIRIPIRIUM CHLORIDE
19,NAPHTHOL BLUE BLACK,c,SZT789770M,NAPHTHOL BLUE BLACK
19,PALMITOSTEARIC ACID,c,Q8Y7S3B85M,PALMITOSTEARIC ACID
19,PHENYLETHYL ALCOHOL,c,ML9LGA7468,PHENYLETHYL ALCOHOL
19,POTASSIUM CARBONATE,c,BQN1B9B9HA,POTASSIUM CARBONATE
19,POTASSIUM HYDROXIDE,c,WZH3C48M4T,POTASSIUM HYDROXIDE
19,PROPYLENE CARBONATE,c,8D08K3S51E,PROPYLENE CARBONATE
19,SODIUM HYPOCHLORITE,c,DY38VHM5OD,SODIUM HYPOCHLORITE
19,SORBITAN MONOOLEATE,c,06XEA2VD56,SORBITAN MONOOLEATE
19,TETRACHLOROETHYLENE,c,TJ904HH8SN,TETRACHLOROETHYLENE
19,methylcellulose E4M,c,RN3152OP35,HYPROMELLOSE 2910 (4000 MPA.S)
19,aqueous(\s)*methocel E4M,c,RN3152OP35,HYPROMELLOSE 2910 (4000 MPA.S)
18,ANHYDROUS DEXTROSE,c,5SL0G7R0OK,ANHYDROUS DEXTROSE
18,DIMETHYL FORMAMIDE,c,8696NH0Y2X,"N,N-DIMETHYLFORMAMIDE"
18,DIMETHYL SULFOXIDE,c,YOW8V9698H,DIMETHYL SULFOXIDE
18,LABRAFIL M 1944 CS,c,DRG3KJZ1TJ,APRICOT KERNEL OIL PEG-6 ESTERS
18,SODIUM BICARBONATE,c,8MDF5V39QO,SODIUM BICARBONATE
18,0\.9% NACL SOLUTION,c,VR5Y7PDT5W,ISOTONIC SODIUM CHLORIDE SOLUTION
18,TRICINE-HCL BUFFER,c,W12LH4V8V3,TRICINE
18,\.ALPHA\.-TOCOPHEROL,c,H4N855PNZ1,\.ALPHA\.-TOCOPHEROL
18,ALBUMIN AGGREGATED,c,799C8VF17R,ALBUMIN AGGREGATED
18,ALUMINUM HYDROXIDE,c,5QB0T2IUN0,ALUMINUM HYDROXIDE
18,ASCORBYL PALMITATE,c,QN83US2B0N,ASCORBYL PALMITATE
18,CALCIUM SACCHARATE,c,6AP9J91K4V,CALCIUM SACCHARATE
18,CAPSICUM OLEORESIN,c,UW86K581WY,CAPSICUM OLEORESIN
18,CARRAGEENAN SODIUM,c,7CY8BVL34N,CARRAGEENAN SODIUM
18,DEHYDROACETIC ACID,c,2KAG279R6R,DEHYDROACETIC ACID
18,DIATOMACEOUS EARTH,c,2RF6EJ0M85,DIATOMACEOUS EARTH
18,DIISOPROPANOLAMINE,c,0W44HYL8T5,DIISOPROPANOLAMINE
18,DIPROPYLENE GLYCOL,c,E107L85C40,DIPROPYLENE GLYCOL
18,GLYCERYL PALMITATE,c,6Y2XJ05B35,GLYCERYL PALMITATE
18,HYALURONATE SODIUM,c,YSE9PPT4TH,HYALURONATE SODIUM
18,ISOSTEARYL ALCOHOL,c,Q613OCQ44Y,ISOSTEARYL ALCOHOL
18,LYSINE MONOHYDRATE,c,F7625B974U,LYSINE MONOHYDRATE
18,MAGNESIUM CHLORIDE,c,02F3473H9O,MAGNESIUM CHLORIDE
18,MAGNESIUM SILICATE,c,9B9691B2N9,MAGNESIUM SILICATE
18,MAGNESIUM STEARATE,c,70097M6I30,MAGNESIUM STEARATE
18,MONOSODIUM CITRATE,c,68538UP9SE,MONOSODIUM CITRATE
18,PEG-7 METHYL ETHER,c,ENK4Y6S66X,PEG-7 METHYL ETHER
18,PEGOXOL 7 STEARATE,c,3EW5AXE5X5,PEGOXOL 7 STEARATE
18,POTASSIUM CHLORIDE,c,660YQ98I10,POTASSIUM CHLORIDE
18,POWDERED CELLULOSE,c,SMD1X3XO9M,POWDERED CELLULOSE
18,"SODIUM LACTATE, L-",c,P2Y1C6M9PS,"SODIUM LACTATE, L-"
18,SODIUM THIOSULFATE,c,HX1032V43M,SODIUM THIOSULFATE
18,SORBITAN TRIOLEATE,c,QE6F49RPJ1,SORBITAN TRIOLEATE
18,"TARTARIC ACID, DL-",c,4J4Z8788N8,"TARTARIC ACID, DL-"
18,TERT-BUTYL ALCOHOL,c,MD83SFE959,TERT-BUTYL ALCOHOL
17,DIETHANOL GLYCINE,c,1J484QFI1O,BICINE
17,CHLOROACETIC ACID,c,5GD84Y125G,CHLOROACETIC ACID
17,STARCH FROM MAIZE,c,O8232NY3SJ,"STARCH, CORN"
17,GLYCERYL DIOLEATE,c,Z3MP1W91CW,GLYCERYL DIOLEATE
17,HYDROCHLORIC ACID,c,QTT17582CB,HYDROCHLORIC ACID
17,METHYLPYRROLIDONE,c,JR9CE63FPM,METHYLPYRROLIDONE
17,PIPERAZINE BUFFER,c,1RTM4PAL0V,PIPERAZINE
17,"LECITHIN, SOYBEAN",c,1DI56QDM62,"LECITHIN, SOYBEAN"
17,\.ALPHA\.-TERPINEOL,c,21334LVV8W,\.ALPHA\.-TERPINEOL
17,"1,2,6-HEXANETRIOL",c,W45XXM0XWE,"1,2,6-HEXANETRIOL"
17,"AGAR, UNSPECIFIED",c,89T13OHQ2B,"AGAR, UNSPECIFIED"
17,ALUMINUM SILICATE,c,T1FAD4SS2M,ALUMINUM SILICATE
17,ALUMINUM STEARATE,c,U6XF9NP8HM,ALUMINUM STEARATE
17,AMMONIUM CHLORIDE,c,01Q9PC255D,AMMONIUM CHLORIDE
17,ANHYDROUS LACTOSE,c,3SY5LH9PMK,ANHYDROUS LACTOSE
17,CALCIUM CARBONATE,c,H0G9379FGK,CALCIUM CARBONATE
17,CALCIUM HYDROXIDE,c,PF5DZW74VN,CALCIUM HYDROXIDE
17,CALDIAMIDE SODIUM,c,1M6415C70M,CALDIAMIDE SODIUM
17,CELLULOSE ACETATE,c,3J2P07GVB6,CELLULOSE ACETATE
17,COPOVIDONE K25-31,c,D9C330MD8B,COPOVIDONE K25-31
17,DIAZOLIDINYL UREA,c,H5RIZ3MPW4,DIAZOLIDINYL UREA
17,DIETHYL PHTHALATE,c,UF064M00AF,DIETHYL PHTHALATE
17,EDETATE TRISODIUM,c,420IP921MB,EDETATE TRISODIUM
17,EGG PHOSPHOLIPIDS,c,1Z74184RGV,EGG PHOSPHOLIPIDS
17,GLUCEPTATE SODIUM,c,3D49LE7HM2,GLUCEPTATE SODIUM
17,HYDROGEN PEROXIDE,c,BBX060AN9V,HYDROGEN PEROXIDE
17,ISOPROPYL ALCOHOL,c,ND2M416302,ISOPROPYL ALCOHOL
17,LIGHT MINERAL OIL,c,N6K5787QVP,LIGHT MINERAL OIL
17,MAGNESIUM NITRATE,c,77CBG3UN78,MAGNESIUM NITRATE
17,MALTOSE ANHYDROUS,c,66Y63L379N,MALTOSE ANHYDROUS
17,METHYL GLUCETH-10,c,N0MWT4C7WH,METHYL GLUCETH-10
17,METHYL GLUCETH-20,c,J3QD0LD11P,METHYL GLUCETH-20
17,METHYL SALICYLATE,c,LAV5U5022Y,METHYL SALICYLATE
17,METHYLPYRROLIDONE,c,JR9CE63FPM,METHYLPYRROLIDONE
17,O-TOLYL BIGUANIDE,c,5T9Z06LCV4,O-TOLYL BIGUANIDE
17,PEG-40 CASTOR OIL,c,4ERD2076EF,PEG-40 CASTOR OIL
17,PEG-6 ISOSTEARATE,c,0E2639OTJY,PEG-6 ISOSTEARATE
17,POLYVINYL ACETATE,c,32K497ZK2U,POLYVINYL ACETATE
17,POTASSIUM ACETATE,c,M911911U02,POTASSIUM ACETATE
17,POTASSIUM CITRATE,c,EE90ONI6FF,POTASSIUM CITRATE
17,POTASSIUM SORBATE,c,1VPU26JZZ4,POTASSIUM SORBATE
17,POTASSIUM SULFATE,c,1K573LC5TV,POTASSIUM SULFATE
17,PROTAMINE SULFATE,c,0DE9724IHC,PROTAMINE SULFATE
17,SACCHARIN CALCIUM,c,5101OP7P2I,SACCHARIN CALCIUM
17,SODIUM BITARTRATE,c,75E63I9H07,SODIUM BITARTRATE
17,SODIUM DITHIONATE,c,RPF7Z41GAW,SODIUM DITHIONATE
17,SODIUM DITHIONITE,c,2K5B8F6ES1,SODIUM DITHIONITE
17,SODIUM PROPIONATE,c,DK6Y9P42IN,SODIUM PROPIONATE
17,SODIUM SALICYLATE,c,WIQ1H85SYP,SODIUM SALICYLATE
17,STANNOUS CHLORIDE,c,1BQV3749L5,STANNOUS CHLORIDE
17,STANNOUS FLUORIDE,c,3FTR44B32Q,STANNOUS FLUORIDE
17,STANNOUS TARTRATE,c,6JS9U5611X,STANNOUS TARTRATE
17,STEARIC HYDRAZIDE,c,3FV1C68XOP,STEARIC HYDRAZIDE
17,SUCROSE PALMITATE,c,3OSQ643ZK5,SUCROSE PALMITATE
17,TRIHYDROXYSTEARIN,c,06YD7896S3,TRIHYDROXYSTEARIN
16,AQUEOUS SOLUTION,c,059QF0KO0R,WATER
16,AMMONIUM ACETATE,c,RRE756S6Q2,AMMONIUM ACETATE
16,CARBONATE BUFFER,c,45JP4345C9,AMMONIUM BICARBONATE
16,DIETHYLOLGLYCINE,c,1J484QFI1O,BICINE
16,STARCH FROM CORN,c,O8232NY3SJ,"STARCH, CORN"
16,DEOXYCHOLIC ACID,c,005990WHZZ,DEOXYCHOLIC ACID
16,SODIUM HYDROXIDE,c,55X04QC32I,SODIUM HYDROXIDE
16,PROPYLENE GLYCOL,c,6DC9Q167V3,PROPYLENE GLYCOL
16,PHOSPHATE BUFFER,c,NK08V8K8HR,PHOSPHATE ION
16,ACETIC ANHYDRIDE,c,2E48G1QI9Q,ACETIC ANHYDRIDE
16,ALUMINUM ACETATE,c,80EHD8I43D,ALUMINUM ACETATE
16,AMMONIUM SULFATE,c,SU46BAM238,AMMONIUM SULFATE
16,BROWN IRON OXIDE,c,1N032N7MFO,BROWN IRON OXIDE
16,CALCIUM CHLORIDE,c,M4I0D6VV5M,CALCIUM CHLORIDE
16,CALCIUM SILICATE,c,S4255P4G5M,CALCIUM SILICATE
16,CALCIUM STEARATE,c,776XM7047L,CALCIUM STEARATE
16,CETYL ESTERS WAX,c,D072FFP9GU,CETYL ESTERS WAX
16,CHONDRUS CRISPUS,c,OQS23HUA1X,CHONDRUS CRISPUS
16,CYCLOMETHICONE 5,c,0THT5PCI0R,CYCLOMETHICONE 5
16,DIBUTYL SEBACATE,c,4W5IH7FLNY,DIBUTYL SEBACATE
16,DIETHYL SEBACATE,c,I41B9FJK6V,DIETHYL SEBACATE
16,DINOSEB-AMMONIUM,c,B5TNV5E10B,DINOSEB-AMMONIUM
16,EDETATE DISODIUM,c,7FLD91C86K,EDETATE DISODIUM
16,FERRIC OXIDE RED,c,1K09F3G675,FERRIC OXIDE RED
16,FERROUS FUMARATE,c,R5L488RY0Q,FERROUS FUMARATE
16,GLYCERYL LAURATE,c,Y98611C087,GLYCERYL LAURATE
16,GRAPEFRUIT JUICE,c,JQ9EK2H6BG,GRAPEFRUIT JUICE
16,ISOBUTYL ALCOHOL,c,56F9Z98TEM,ISOBUTYL ALCOHOL
16,"LACTIC ACID, DL-",c,3B8D35Y7S4,"LACTIC ACID, DL-"
16,LACTOBIONIC ACID,c,65R938S4DV,LACTOBIONIC ACID
16,LANOLIN ALCOHOLS,c,884C3FA9HE,LANOLIN ALCOHOLS
16,LIQUID PETROLEUM,c,6ZAE7X688J,LIQUID PETROLEUM
16,MONOETHANOLAMINE,c,5KV86114PT,MONOETHANOLAMINE
16,MONOTHIOGLYCEROL,c,AAO1P0WSXJ,MONOTHIOGLYCEROL
16,MYRISTYL ALCOHOL,c,V42034O9PU,MYRISTYL ALCOHOL
16,MYRISTYL LACTATE,c,1D822OC34X,MYRISTYL LACTATE
16,PEG-100 STEARATE,c,YD01N1999R,PEG-100 STEARATE
16,PENTADECALACTONE,c,OK17S3S98K,PENTADECALACTONE
16,PONCEAU XYLIDINE,c,U3J3635T4U,PONCEAU XYLIDINE
16,SACCHARIN SODIUM,c,SB8ZUX40TY,SACCHARIN SODIUM
16,SODIUM ASCORBATE,c,S033EH8359,SODIUM ASCORBATE
16,SODIUM BISULFATE,c,BU8V88OWIQ,SODIUM BISULFATE
16,SODIUM BISULFITE,c,TZX5469Z6I,SODIUM BISULFITE
16,SODIUM CARBONATE,c,45P3261C7T,SODIUM CARBONATE
16,SODIUM GLUCONATE,c,R6Q3791S76,SODIUM GLUCONATE
16,SODIUM PHOSPHATE,c,SE337SVY37,SODIUM PHOSPHATE
16,SOLVENT ORANGE 2,c,E939MCU4ID,SOLVENT ORANGE 2
16,STANNIC CHLORIDE,c,67H76LFL3V,STANNIC CHLORIDE
16,SUCROSE STEARATE,c,274KW0O50M,SUCROSE STEARATE
16,TITANIUM DIOXIDE,c,15FIX9V2JP,TITANIUM DIOXIDE
16,TRIETHYL CITRATE,c,8Z96QXD6UM,TRIETHYL CITRATE
16,UNDECYLENIC ACID,c,K3D86KJ24N,UNDECYLENIC ACID
16,METHYL CELLULOSE,c,Z944H5SN0H,"METHYLCELLULOSE, UNSPECIFIED"
15,DEIONIZED WATER,c,059QF0KO0R,WATER
15,METHYLCELLULOSE,c,05JZI7B19X,CARBOXYMETHYLCELLULOSE
15,BENZOATE BUFFER,c,8SKN0B0MIM,BENZOIC ACID
15,DOCUSATE SODIUM,c,F05Q2T2JA0,DOCUSATE SODIUM
15,DOCUSATE SODIUM,c,F05Q2T2JA0,DOCUSATE SODIUM
15,DISTILLED WATER,c,059QF0KO0R,WATER
15,METHYLCELLULOSE,c,Z944H5SN0H,"METHYLCELLULOSE, UNSPECIFIED"
15,SODIUM CHLORIDE,c,451W47IQ8X,SODIUM CHLORIDE
15,BENZENEMETHANOL,c,LKG8494WBH,BENZYL ALCOHOL
15,"BENZOIN, \(\+/-\)-",c,L7J6A1NE81,"BENZOIN, \(\+/-\)-"
15,BENZYL BENZOATE,c,N863NB338G,BENZYL BENZOATE
15,BENZYL CHLORIDE,c,83H19HW7K6,BENZYL CHLORIDE
15,BUTYLENE GLYCOL,c,3XUS85K0RA,BUTYLENE GLYCOL
15,CALCIUM ACETATE,c,Y882YXF34X,CALCIUM ACETATE
15,CALCIUM CITRATE,c,MLM29U2X85,CALCIUM CITRATE
15,CALCIUM LACTATE,c,2URQ2N32W3,CALCIUM LACTATE
15,CETYL PALMITATE,c,5ZA2S6B08X,CETYL PALMITATE
15,CORN GLYCERIDES,c,1DAF35W3S2,CORN GLYCERIDES
15,DIATRIZOIC ACID,c,5UVC90J1LK,DIATRIZOIC ACID
15,DIMETHICONE 100,c,RO266O364U,DIMETHICONE 100
15,DIMETHICONE 350,c,2Y53S6ATLU,DIMETHICONE 350
15,ENTSUFON SODIUM,c,L6867H5FR4,ENTSUFON SODIUM
15,ERYTHORBIC ACID,c,311332OII1,ERYTHORBIC ACID
15,ETHYL MYRISTATE,c,6995S49749,ETHYL MYRISTATE
15,ETHYL VANILLATE,c,V38JK4Z93O,ETHYL VANILLATE
15,ETHYLENE GLYCOL,c,FC72KVT52F,ETHYLENE GLYCOL
15,ETHYLENEDIAMINE,c,60V9STC53F,ETHYLENEDIAMINE
15,GLYCERYL OLEATE,c,4PC054V79P,GLYCERYL OLEATE
15,GLYCOL STEARATE,c,0324G66D0E,GLYCOL STEARATE
15,HEXYLENE GLYCOL,c,KEH0A3F75J,HEXYLENE GLYCOL
15,ISOSTEARIC ACID,c,X33R8U0062,ISOSTEARIC ACID
15,"LACTIC ACID, L-",c,F9S9FFU82N,"LACTIC ACID, L-"
15,LAURAMINE OXIDE,c,4F6FC4MI8W,LAURAMINE OXIDE
15,LOCUST BEAN GUM,c,V4716MY704,LOCUST BEAN GUM
15,MAGNESIUM OXIDE,c,3A3U0GI71G,MAGNESIUM OXIDE
15,METHYL CHLORIDE,c,A6R43525YO,METHYL CHLORIDE
15,METHYL STEARATE,c,8D4NXF3ZH7,METHYL STEARATE
15,PHOSPHORIC ACID,c,E4GA8884NN,PHOSPHORIC ACID
15,RICINOLEIC ACID,c,I2D0F69854,RICINOLEIC ACID
15,SILICON DIOXIDE,c,ETJ7Z6XBU4,SILICON DIOXIDE
15,SODIUM ALGINATE,c,C269C4G2ZQ,SODIUM ALGINATE
15,SODIUM BENZOATE,c,OJ245FE5EU,SODIUM BENZOATE
15,SODIUM CHLORATE,c,T95DR77GMR,SODIUM CHLORATE
15,SODIUM SILICATE,c,IJF18F77L3,SODIUM SILICATE
15,SODIUM STEARATE,c,QU7E2XA9TG,SODIUM STEARATE
15,SODIUM TARTRATE,c,QTO9JB4MDD,SODIUM TARTRATE
15,"STARCH, TAPIOCA",c,24SC3U704I,"STARCH, TAPIOCA"
15,STEARYL ALCOHOL,c,2KR89I4H1Y,STEARYL ALCOHOL
15,TRICHLOROETHANE,c,113C650IR1,TRICHLOROETHANE
15,TRISODIUM HEDTA,c,K3E0U7O8KI,TRISODIUM HEDTA
15,NATROSOL 250 HX,c,S38J6RZN16,HYDROXYETHYL CELLULOSE (2000 MPA.S AT 1%)
14,POLYSORBATE 20,c,7T1F30V5YH,POLYSORBATE 20
14,Citrate buffer,c,2968PHW8QP,CITRIC ACID MONOHYDRATE
14,METHYCELLULOSE,c,05JZI7B19X,CARBOXYMETHYLCELLULOSE
14,POLYSORBATE 80,c,6OZP39ZG8H,POLYSORBATE 80
14,CITRATE BUFFER,c,2968PHW8QP,CITRIC ACID MONOHYDRATE
14,DIETHANOLAMINE,c,AZE05TDV2V,DIETHANOLAMINE
14,GLY-GLY BUFFER,c,10525P22U0,DIGLYCINE
14,BENZYL ALCOHOL,c,LKG8494WBH,BENZYL ALCOHOL
14,PHENYLCARBINOL,c,LKG8494WBH,BENZYL ALCOHOL
14,PHENYLMETHANOL,c,LKG8494WBH,BENZYL ALCOHOL
14,PLURONIC F-127,c,TUF2IVW3M2,POLOXAMER 407
14,POLYSORBATE 20,c,7T1F30V5YH,POLYSORBATE 20
14,POLYSORBATE 21,c,59IO08SBZU,POLYSORBATE 21
14,POLYSORBATE 40,c,STI11B5A2X,POLYSORBATE 40
14,POLYSORBATE 60,c,CAL22UVI4M,POLYSORBATE 60
14,POLYSORBATE 61,c,X9E1MY2JQG,POLYSORBATE 61
14,POLYSORBATE 80,c,6OZP39ZG8H,POLYSORBATE 80
14,POLYSORBATE 81,c,2MSF640LWM,POLYSORBATE 81
14,POLYSORBATE 85,c,A7F3N56197,POLYSORBATE 85
14,TRAGACANTH GUM,c,2944357O2O,TRAGACANTH
14,TRICINE BUFFER,c,W12LH4V8V3,TRICINE
14,ALUMINUM OXIDE,c,LMI26O6933,ALUMINUM OXIDE
14,BARIUM SULFATE,c,25BB7EKE2E,BARIUM SULFATE
14,BUTYL STEARATE,c,6Y0AI5605C,BUTYL STEARATE
14,CANDELILLA WAX,c,WL0328HX19,CANDELILLA WAX
14,CARBON DIOXIDE,c,142M471B3J,CARBON DIOXIDE
14,CINNAMALDEHYDE,c,SR60A3XG0F,CINNAMALDEHYDE
14,COTTONSEED OIL,c,H3E878020N,COTTONSEED OIL
14,CROSCARMELLOSE,c,029TFK992N,CROSCARMELLOSE
14,CUPRIC SULFATE,c,LRX7AJ16DT,CUPRIC SULFATE
14,CYANOCOBALAMIN,c,P6YC3EG204,CYANOCOBALAMIN
14,CYCLOMETHICONE,c,NMQ347994Z,CYCLOMETHICONE
14,DMDM HYDANTOIN,c,BYR0546TOW,DMDM HYDANTOIN
14,EDETATE SODIUM,c,MP1J8420LU,EDETATE SODIUM
14,ETHYL BUTYRATE,c,UFD2LZ005D,ETHYL BUTYRATE
14,ETHYL VANILLIN,c,YC9ST449YJ,ETHYL VANILLIN
14,ETHYLENE OXIDE,c,JJH7GNN18P,ETHYLENE OXIDE
14,EUCALYPTUS OIL,c,2R04ONI662,EUCALYPTUS OIL
14,GLUCONOLACTONE,c,WQ29KQ9POT,GLUCONOLACTONE
14,GUINEA GREEN B,c,4L2574620F,GUINEA GREEN B
14,LAURYL SULFATE,c,DIQ16UC154,LAURYL SULFATE
14,LEVULINIC ACID,c,RYX5QG61EI,LEVULINIC ACID
14,"LIMONENE, \(\+\)-",c,GFD7C86Q1W,"LIMONENE, \(\+\)-"
14,LYSINE ACETATE,c,TTL6G7LIWZ,LYSINE ACETATE
14,"MALIC ACID, L-",c,J3TZF807X5,"MALIC ACID, L-"
14,METANIL YELLOW,c,7SPF5O5BW8,METANIL YELLOW
14,METHYL LAURATE,c,8IPS6BI6KW,METHYL LAURATE
14,OCTYLDODECANOL,c,461N1O614Y,OCTYLDODECANOL
14,"PECTIN, CITRUS",c,47EQO8LE7H,"PECTIN, CITRUS"
14,PEG-2 STEARATE,c,94YQ11Y95F,PEG-2 STEARATE
14,PEG-75 LANOLIN,c,09179OX7TB,PEG-75 LANOLIN
14,PEG-8 STEARATE,c,2P9L47VI5E,PEG-8 STEARATE
14,PEPPERMINT OIL,c,AV092KU4JH,PEPPERMINT OIL
14,PHENOXYETHANOL,c,HIE492ZZ3T,PHENOXYETHANOL
14,POTASSIUM ALUM,c,1L24V9R23S,POTASSIUM ALUM
14,PROPIONIC ACID,c,JHU490RVYR,PROPIONIC ACID
14,PROPYL ALCOHOL,c,96F264O9SV,PROPYL ALCOHOL
14,PROPYL GALLATE,c,8D4SNN7V92,PROPYL GALLATE
14,SODIUM ACETATE,c,4550K0SC9B,SODIUM ACETATE
14,SODIUM LACTATE,c,TU7HW0W0QT,SODIUM LACTATE
14,SODIUM NITRATE,c,8M4L3H2ZVZ,SODIUM NITRATE
14,SODIUM SULFATE,c,0YPR65R21J,SODIUM SULFATE
14,SODIUM SULFITE,c,VTK01UQK3G,SODIUM SULFITE
14,"STARCH, POTATO",c,8I089SAH3T,"STARCH, POTATO"
14,SULFUROUS ACID,c,J1P7893F4J,SULFUROUS ACID
14,TURPENTINE OIL,c,C5H0QJ6V7F,TURPENTINE OIL
14,POLYSORBATE 65,c,14BGY2Y3MJ,POLYSORBATE 65
14,PROPIONIC ACID,c,JHU490RVYR,PROPIONIC ACID
14,SODIUM CAPRATE,c,4I820XKV2A,SODIUM CAPRATE
14,ASCORBIC ACID,c,PQ6CK8PD0R,ASCORBIC ACID
14,methyl paraben,c,A2I8C7HI9T,METHYLPARABEN
14,PROPYL PARABEN,c,Z8IX2SC1OH,PROPYL PARABEN
13,ETHYL ALCOHOL,c,3K9958V90M,ALCOHOL
13,GLYCYLGLYCINE,c,10525P22U0,DIGLYCINE
13,MILLI-Q WATER,c,059QF0KO0R,WATER
13,PHOSPHATE ION,c,NK08V8K8HR,PHOSPHATE ION
13,POLOXAMER 407,c,TUF2IVW3M2,POLOXAMER 407
13,POLOXAMER 188,c,LQA7B6G8JG,POLOXAMER 188
13,PLURONIC F-68,c,LQA7B6G8JG,POLOXAMER 188
13,PVP-INSOLUBLE,c,2S7830E561,CROSPOVIDONE
13,SOYA LECITHIN,c,1DI56QDM62,"LECITHIN, SOYBEAN"
13,TOCOPHERSOLAN,c,O03S90U1F2,TOCOPHERSOLAN
13,ALBUMIN HUMAN,c,ZIF514RVZR,ALBUMIN HUMAN
13,ASCORBIC ACID,c,PQ6CK8PD0R,ASCORBIC ACID
13,ASPARTIC ACID,c,30KYC7MIAI,ASPARTIC ACID
13,BENZOIN RESIN,c,GK21SBA74R,BENZOIN RESIN
13,BETA CAROTENE,c,01YAE03M7J,BETA CAROTENE
13,BLACK CURRANT,c,9755T40D11,BLACK CURRANT
13,BUTYL ALCOHOL,c,8PJ61P6TS3,BUTYL ALCOHOL
13,CANADA BALSAM,c,K304VI98I3,CANADA BALSAM
13,CETYL ALCOHOL,c,936JST6JCN,CETYL ALCOHOL
13,CHLOROBUTANOL,c,HM4YQM8WRC,CHLOROBUTANOL
13,CHLOROXYLENOL,c,0F32U78V2Q,CHLOROXYLENOL
13,CORIANDER OIL,c,7626GC95E5,CORIANDER OIL
13,ETHYL ACETATE,c,76845O8NMZ,ETHYL ACETATE
13,FERROUS OXIDE,c,G7036X8B5H,FERROUS OXIDE
13,GENTISIC ACID,c,VP36V95O3T,GENTISIC ACID
13,GLUCONIC ACID,c,R4R8J0Q44B,GLUCONIC ACID
13,SPEARMINT OIL,c,C3M81465G5,SPEARMINT OIL
13,METHYLPARABEN,c,A2I8C7HI9T,METHYLPARABEN
13,MYRISTIC ACID,c,0I3V7S25AW,MYRISTIC ACID
13,OLEYL ALCOHOL,c,172F2WN8DV,OLEYL ALCOHOL
13,PALMITIC ACID,c,2V16EO95H1,PALMITIC ACID
13,PEG-8 LAURATE,c,762O8IWA10,PEG-8 LAURATE
13,PENTETIC ACID,c,7A314HQM0I,PENTETIC ACID
13,PHENYLALANINE,c,47E5O17Y3R,PHENYLALANINE
13,POLOXAMER 124,c,1S66E28KXA,POLOXAMER 124
13,POLOXAMER 182,c,JX0HIX6OAG,POLOXAMER 182
13,POLOXAMER 331,c,IS93EQR73R,POLOXAMER 331
13,POLYCARBOPHIL,c,W25LM17A4W,POLYCARBOPHIL
13,PPG-26 OLEATE,c,G6ZWA1Q43P,PPG-26 OLEATE
13,PROPYLPARABEN,c,Z8IX2SC1OH,PROPYLPARABEN
13,QUATERNIUM-15,c,E40U03LEM0,QUATERNIUM-15
13,SASSAFRAS OIL,c,78ZX2PFG2Z,SASSAFRAS OIL
13,SODIUM BORATE,c,91MBZ8H3QO,SODIUM BORATE
13,SODIUM IODIDE,c,F5WR8N145C,SODIUM IODIDE
13,SODIUM OLEATE,c,399SL044HN,SODIUM OLEATE
13,"STARCH, WHEAT",c,79QS2MG2LP,"STARCH, WHEAT"
13,SUCCINIC ACID,c,AB6MNQ6J6L,SUCCINIC ACID
13,SULFURIC ACID,c,O40UQP6WCF,SULFURIC ACID
13,TARTARIC ACID,c,W4888I119H,TARTARIC ACID
13,TOCOPHERSOLAN,c,O03S90U1F2,TOCOPHERSOLAN
13,ZINC CHLORIDE,c,86Q357L16B,ZINC CHLORIDE
13,ZINC STEARATE,c,H92E6QA4FV,ZINC STEARATE
13,citric acid buffer,c,2968PHW8QP,CITRIC ACID MONOHYDRATE
13,citric buffer,c,2968PHW8QP,CITRIC ACID MONOHYDRATE
13,cyclodextrine,c,7E6SK9QDT8,CYCLODEXTRINS
12,BENZOIC ACID,c,8SKN0B0MIM,BENZOIC ACID
12,ELAINIC ACID,c,2UMI9U37CP,OLEIC ACID
12,"STARCH, CORN",c,O8232NY3SJ,"STARCH, CORN"
12,CREMOPHOR EL,c,6D4M1DAL6O,POLYOXYL 35 CASTOR OIL
12,HEPES BUFFER,c,RWW266YE9I,HYDROXYETHYLPIPERAZINE ETHANE SULFONIC ACID
12,HYPROMELLOSE,c,3NXW29V3WO,"HYPROMELLOSE, UNSPECIFIED"
12,PIPES BUFFER,c,G502H79V6L,PIPES
12,CROSPOVIDONE,c,2S7830E561,CROSPOVIDONE
12,POVIDONE K12,c,333AG72FWJ,POVIDONE K12
12,POVIDONE K17,c,C67P1734QJ,POVIDONE K17
12,POVIDONE K25,c,K0KQV10C35,POVIDONE K25
12,POVIDONE K27,c,H7AGY1OJO8,POVIDONE K27
12,POVIDONE K30,c,U725QWY32X,POVIDONE K30
12,POVIDONE K90,c,RDH86HJV5Z,POVIDONE K90
12,POVIDONE-K12,c,333AG72FWJ,POVIDONE K12
12,POVIDONE-K17,c,C67P1734QJ,POVIDONE K17
12,POVIDONE-K25,c,K0KQV10C35,POVIDONE K25
12,POVIDONE-K27,c,H7AGY1OJO8,POVIDONE K27
12,POVIDONE-K30,c,U725QWY32X,POVIDONE K30
12,POVIDONE-K90,c,RDH86HJV5Z,POVIDONE K90
12,"1,4-SORBITAN",c,AV0YTZ4E6J,"1,4-SORBITAN"
12,ACETONITRILE,c,Z072SB282N,ACETONITRILE
12,ALGINIC ACID,c,8C3Z4148WZ,ALGINIC ACID
12,BENZALDEHYDE,c,TA269SD04T,BENZALDEHYDE
12,BENZOIC ACID,c,8SKN0B0MIM,BENZOIC ACID
12,BETANAPHTHOL,c,P2Z71CIK5H,BETANAPHTHOL
12,BUTYLPARABEN,c,3QPI1U3FV8,BUTYLPARABEN
12,CARNAUBA WAX,c,R12CBM0EIZ,CARNAUBA WAX
12,CETEARETH-12,c,7V4MR24V5P,CETEARETH-12
12,CETEARETH-15,c,867H4YOZ8Z,CETEARETH-15
12,CETEARETH-30,c,1R9DCZ5FOX,CETEARETH-30
12,CHLOROCRESOL,c,36W53O7109,CHLOROCRESOL
12,CINNAMON OIL,c,E5GY4I6YCZ,CINNAMON OIL
12,COCOA BUTTER,c,512OYT1CRR,COCOA BUTTER
12,COCO-BETAINE,c,03DH2IZ3FY,COCO-BETAINE
12,COCONUT ACID,c,40U37V505D,COCONUT ACID
12,ETHYL MALTOL,c,L6Q8K29L05,ETHYL MALTOL
12,ETHYL OLEATE,c,Z2Z439864Y,ETHYL OLEATE
12,ETHYLPARABEN,c,14255EXE39,ETHYLPARABEN
12,FUMARIC ACID,c,88XHZ13131,FUMARIC ACID
12,HYDROQUINONE,c,XV74C1N1AE,HYDROQUINONE
12,INVERT SUGAR,c,ED959S6ACY,INVERT SUGAR
12,LAVENDER OIL,c,ZBP1YXW0H8,LAVENDER OIL
12,MALTODEXTRIN,c,7CVR7L4A2D,MALTODEXTRIN
12,NONOXYNOL-40,c,4867M0AEJI,NONOXYNOL-40
12,OCTOXYNOL-40,c,9T1C662FKS,OCTOXYNOL-40
12,OLEYL OLEATE,c,3X3L452Y85,OLEYL OLEATE
12,ORANGE JUICE,c,5A9KE2L9L3,ORANGE JUICE
12,PEG-5 OLEATE,c,0240V77G50,PEG-5 OLEATE
12,POLYDEXTROSE,c,VH2XOU12IE,POLYDEXTROSE
12,"STARCH, RICE",c,4DGK8B7I3S,"STARCH, RICE"
12,STEARETH-100,c,4OH5W9UM87,STEARETH-100
12,STEARIC ACID,c,4ELV7Z65AP,STEARIC ACID
12,TRIDECETH-10,c,G624N6MSBA,TRIDECETH-10
12,TROMETHAMINE,c,023C2WHX2V,TROMETHAMINE
12,VANILLA BEAN,c,Q74T35078H,VANILLA BEAN
12,WHEAT GLUTEN,c,1534K8653J,WHEAT GLUTEN
12,ZINC ACETATE,c,FM5526K07A,ZINC ACETATE
12,METHOCEL A4M,c,MRJ667KA5E,METHYLCELLULOSE (4000 MPA.S)
12,Methocel\? A4M,c,MRJ667KA5E,METHYLCELLULOSE (4000 MPA.S)
12,METHOCEL E4M,c,RN3152OP35,HYPROMELLOSE 2910 (4000 MPA.S)
12,Methocel-E4M,c,RN3152OP35,HYPROMELLOSE 2910 (4000 MPA.S)
12,PLURONIC F68,c,LQA7B6G8JG,POLOXAMER 188
11,PREPARED IN,f,,with diluent =
11,ACETIC ACID,c,RRE756S6Q2,AMMONIUM ACETATE
11,CORN OIL CP,c,8470G57WFM,CORN OIL
11,CORN STARCH,c,O8232NY3SJ,"STARCH, CORN"
11,EDETIC ACID,c,9G34HU7RV0,EDETIC ACID
11,MOPS BUFFER,c,273BP63NV3,3-\(N-MORPHOLINO\)PROPANESULFONIC ACID
11,ACETIC ACID,c,Q40Q9N063P,ACETIC ACID
11,ADIPIC ACID,c,76A0JE0FKJ,ADIPIC ACID
11,BALSAM PERU,c,8P5F881OCY,BALSAM PERU
11,BEEF TALLOW,c,98HPY76U4W,BEEF TALLOW
11,CARRAGEENAN,c,5C69YCD2YJ,CARRAGEENAN
11,CELLACEFATE,c,F2O5O2OI9F,CELLACEFATE
11,CHOLESTEROL,c,97C5T2UQ7J,CHOLESTEROL
11,COCONUT OIL,c,Q9L0O73W7L,COCONUT OIL
11,COFFEE BEAN,c,JFH385Y744,COFFEE BEAN
11,DIMETHOXANE,c,S0859MSI8I,DIMETHOXANE
11,FORMIC ACID,c,0YIW783RG1,FORMIC ACID
11,KOLLIDON SR,c,S34RY76LK6,KOLLIDON SR
11,LANOLIN OIL,c,OVV5IIJ58F,LANOLIN OIL
11,LEVOMENTHOL,c,BZ1R15MTK7,LEVOMENTHOL
11,MALEIC ACID,c,91XW058U2C,MALEIC ACID
11,MINERAL OIL,c,T5L8T28FGP,MINERAL OIL
11,NIACINAMIDE,c,25X51I8RD4,NIACINAMIDE
11,NITRIC ACID,c,411VRN1TV4,NITRIC ACID
11,NONOXYNOL-9,c,48Q180SH9T,NONOXYNOL-9
11,OCTOXYNOL-9,c,7JPC6Y25QS,OCTOXYNOL-9
11,ORANGE PEEL,c,TI9T76XD44,ORANGE PEEL
11,POLYLACTIDE,c,459TN2L5F5,POLYLACTIDE
11,RHODAMINE B,c,K7G5SCF8IL,RHODAMINE B
11,SORBIC ACID,c,X045WJ989B,SORBIC ACID
11,SOYBEAN OIL,c,241ATL177A,SOYBEAN OIL
11,STEARETH-10,c,FD0913P475,STEARETH-10
11,STEARETH-21,c,53J3F32P58,STEARETH-21
11,STEARETH-40,c,6I2K5U1MWS,STEARETH-40
11,TRICAPRILIN,c,6P92858988,TRICAPRILIN
11,VERSETAMIDE,c,N78PI4C683,VERSETAMIDE
11,XANTHAN GUM,c,TTV12P4NEE,XANTHAN GUM
11,APPLE JUICE,c,9871T0PD5P,APPLE JUICE
11,PHYTANTRIOL,c,8LVI07A72W,PHYTANTRIOL
11,SIMETHICONE,c,92RU3N3Y1O,DIMETHICONE
11,Citric acid,c,2968PHW8QP,CITRIC ACID MONOHYDRATE
10,\% \(W/W\),u,,% \(W/W\)
10,ADA BUFFER,c,9042RP777G,12-AMINODODECANOIC ACID
10,OLEIC ACID,c,2UMI9U37CP,OLEIC ACID
10,CORNSTARCH,c,O8232NY3SJ,"STARCH, CORN"
10,PIPERAZINE,c,1RTM4PAL0V,PIPERAZINE
10,TES BUFFER,c,L173DK6289,N-TRIS\(HYDROXYMETHYL\)METHYL-2-AMINOETHANESULFONIC ACID
10,TRAGACANTH,c,2944357O2O,TRAGACANTH
10,ACESULFAME,c,MA3UYZ6K1H,ACESULFAME
10,ALGELDRATE,c,03J11K103C,ALGELDRATE
10,ALMOND OIL,c,66YXD4DKO9,ALMOND OIL
10,ANTIPYRINE,c,T3CHA1B51H,ANTIPYRINE
10,APAFLURANE,c,R40P36GDK6,APAFLURANE
10,BENZOCAINE,c,U3RSY48JW5,BENZOCAINE
10,BORIC ACID,c,R57ZHV85D4,BORIC ACID
10,CASTOR OIL,c,D5340Y2I9G,CASTOR OIL
10,CHOLETH-24,c,5UE7I54O43,CHOLETH-24
10,CORN SYRUP,c,9G5L16BK6N,CORN SYRUP
10,CREATININE,c,AYI8EX34EU,CREATININE
10,DEXTRAN 40,c,K3R6ZDH4DU,DEXTRAN 40
10,EUCALYPTOL,c,RV6J6604TK,EUCALYPTOL
10,ICODEXTRIN,c,2NX48Z0A9G,ICODEXTRIN
10,ISOLEUCINE,c,04Y7590D77,ISOLEUCINE
10,KARAYA GUM,c,73W9IQY50Q,KARAYA GUM
10,LANOSTEROL,c,1J05Z83K3M,LANOSTEROL
10,LAURETH-23,c,N72LMW566G,LAURETH-23
10,MALIC ACID,c,817L1N4CKP,MALIC ACID
10,METACRESOL,c,GGO4Y809LO,METACRESOL
10,METHIONINE,c,AE28F7PNPL,METHIONINE
10,MONTAN WAX,c,N2TH4S4KUD,MONTAN WAX
10,NORFLURANE,c,DH9E53K1Y8,NORFLURANE
10,NUTMEG OIL,c,Z1CLM48948,NUTMEG OIL
10,OCTISALATE,c,4X49Y0596W,OCTISALATE
10,ORANGE OIL,c,AKN3KSD11B,ORANGE OIL
10,PEANUT OIL,c,5TL50QU0W4,PEANUT OIL
10,PETROLATUM,c,4T6H12BN9U,PETROLATUM
10,PIPERAZINE,c,1RTM4PAL0V,PIPERAZINE
10,POLACRILIN,c,RCZ785HI7S,POLACRILIN
10,PONCEAU 3R,c,FA32R9S74X,PONCEAU 3R
10,RIBOFLAVIN,c,TLM2976OFR,RIBOFLAVIN
10,SESAME OIL,c,QX10HYY4QV,SESAME OIL
10,SPERMACETI,c,P86KHA8V3K,SPERMACETI
10,STEARETH-2,c,V56DFE46J5,STEARETH-2
10,STRAWBERRY,c,4J2TY8Y81V,STRAWBERRY
10,THIMEROSAL,c,2225PI3MOV,THIMEROSAL
10,TOCOPHEROL,c,R0ZB2556P8,TOCOPHEROL
10,TRYPTOPHAN,c,8DUH1N11BX,TRYPTOPHAN
10,YELLOW WAX,c,2ZA36H0S2V,YELLOW WAX
10,ZINC OXIDE,c,SOI2LOH54Z,ZINC OXIDE
10,TWEEN 80TM,c,6OZP39ZG8H,POLYSORBATE 80
10,HP-Beta-CD,c,1I96OHX6EK,HYDROXYPROPYL BETADEX
10,ZN-acetate,c,FM5526K07A,ZINC ACETATE
9,CH3COONH4,c,RRE756S6Q2,AMMONIUM ACETATE
9,MAIZE OIL,c,8470G57WFM,CORN OIL
9,DIGLYCINE,c,10525P22U0,DIGLYCINE
9,TAP WATER,c,059QF0KO0R,WATER
9,PEG-20000,c,5WKN5KL2O8,POLYETHYLENE GLYCOL 20000
9,VITAMIN E,c,O03S90U1F2,TOCOPHERSOLAN
9,VIT E,c,H4N855PNZ1,.ALPHA.-TOCOPHEROL
9,ALLANTOIN,c,344S277G0Z,ALLANTOIN
9,ANISE OIL,c,6Y89129C8H,ANISE OIL
9,ASPARTAME,c,Z0H242BBR1,ASPARTAME
9,BENTONITE,c,A3N5ZCN45C,BENTONITE
9,CETETH-10,c,LF9X1PN3XJ,CETETH-10
9,CETETH-20,c,I835H2IHHX,CETETH-20
9,CETETH-23,c,495CTZ441V,CETETH-23
9,CLOVE OIL,c,578389D6D0,CLOVE OIL
9,DEXTRATES,c,G263MI44RU,DEXTRATES
9,GALACTOSE,c,X2RN3Q8DNE,GALACTOSE
9,HISTIDINE,c,4QD397987E,HISTIDINE
9,ISOBUTANE,c,BXR49TP611,ISOBUTANE
9,LAURETH-2,c,D4D38LT1L5,LAURETH-2
9,LAURETH-4,c,6HQ855798J,LAURETH-4
9,LEMON OIL,c,I9GRO824LL,LEMON OIL
9,MEGLUMINE,c,6HG8UB2MUY,MEGLUMINE
9,OLIVE OIL,c,6UYK2W1W1E,OLIVE OIL
9,PINEAPPLE,c,2A88ZO081O,PINEAPPLE
9,POTASSIUM,c,RWP5GA015D,POTASSIUM
9,SACCHARIN,c,FST467XS7D,SACCHARIN
9,SILODRATE,c,9T3UU8T0QK,SILODRATE
9,SPEARMINT,c,J7I2T6IV1N,SPEARMINT
9,SUCRALOSE,c,96K6UQ3ZD4,SUCRALOSE
9,THREONINE,c,2ZD004190S,THREONINE
9,THYME OIL,c,2UK410MY6B,THYME OIL
9,TRIACETIN,c,XHX3C3X673,TRIACETIN
9,TROLAMINE,c,9O3K93S3TK,TROLAMINE
9,TYLOXAPOL,c,Y27PUL9H56,TYLOXAPOL
9,WHITE WAX,c,7G1J5DA97F,WHITE WAX
9,PHOSPHATE,c,NK08V8K8HR,PHOSPHATE ION
8,\%\s+W/V,u,,% \(W/V\)
8,METHOCEL,c,05JZI7B19X,CARBOXYMETHYLCELLULOSE
8,CORN OIL,c,8470G57WFM,CORN OIL
8,LABRASOL,c,00BT03FSO2,CAPRYLOCAPROYL POLYOXYLGLYCERIDES 8
8,PEG-1000,c,U076Q6Q621,POLYETHYLENE GLYCOL 1000
8,PEG-1450,c,OJ4Z5Z32L4,POLYETHYLENE GLYCOL 1450
8,PEG-1600,c,1212Z7S33A,POLYETHYLENE GLYCOL 1600
8,PEG-3000,c,SA1B764746,POLYETHYLENE GLYCOL 3000
8,PEG-3350,c,G2M7P15E5P,POLYETHYLENE GLYCOL 3350
8,PEG-3500,c,FVS1AZD90Y,POLYETHYLENE GLYCOL 3500
8,PEG-4000,c,4R4HFI6D95,POLYETHYLENE GLYCOL 4000
8,PEG-4500,c,TVH7653921,POLYETHYLENE GLYCOL 4500
8,PEG-6000,c,30IQX730WE,POLYETHYLENE GLYCOL 6000
8,PEG-8000,c,Q662QK8M3B,POLYETHYLENE GLYCOL 8000
8,TWEEN-20,c,7T1F30V5YH,POLYSORBATE 20
8,TWEEN-21,c,59IO08SBZU,POLYSORBATE 21
8,TWEEN-40,c,STI11B5A2X,POLYSORBATE 40
8,TWEEN-60,c,CAL22UVI4M,POLYSORBATE 60
8,TWEEN-61,c,X9E1MY2JQG,POLYSORBATE 61
8,Tween -80,c,6OZP39ZG8H,POLYSORBATE 80
8,TWEEN-80,c,6OZP39ZG8H,POLYSORBATE 80
8,TWEEN-81,c,2MSF640LWM,POLYSORBATE 81
8,TWEEN-85,c,A7F3N56197,POLYSORBATE 85
8,PEG 1000,c,U076Q6Q621,POLYETHYLENE GLYCOL 1000
8,PEG 1450,c,OJ4Z5Z32L4,POLYETHYLENE GLYCOL 1450
8,PEG 1600,c,1212Z7S33A,POLYETHYLENE GLYCOL 1600
8,PEG 3000,c,SA1B764746,POLYETHYLENE GLYCOL 3000
8,PEG 3350,c,G2M7P15E5P,POLYETHYLENE GLYCOL 3350
8,PEG 3500,c,FVS1AZD90Y,POLYETHYLENE GLYCOL 3500
8,PEG 4000,c,4R4HFI6D95,POLYETHYLENE GLYCOL 4000
8,PEG 4500,c,TVH7653921,POLYETHYLENE GLYCOL 4500
8,PEG 6000,c,30IQX730WE,POLYETHYLENE GLYCOL 6000
8,PEG 8000,c,Q662QK8M3B,POLYETHYLENE GLYCOL 8000
8,TWEEN 20,c,7T1F30V5YH,POLYSORBATE 20
8,TWEEN 21,c,59IO08SBZU,POLYSORBATE 21
8,TWEEN 40,c,STI11B5A2X,POLYSORBATE 40
8,TWEEN 60,c,CAL22UVI4M,POLYSORBATE 60
8,TWEEN 61,c,X9E1MY2JQG,POLYSORBATE 61
8,TWEEN 80,c,6OZP39ZG8H,POLYSORBATE 80
8,TWEEN 81,c,2MSF640LWM,POLYSORBATE 81
8,TWEEN 85,c,A7F3N56197,POLYSORBATE 85
8,AMARANTH,c,37RBV3X49K,AMARANTH
8,ANETHOLE,c,Q3JEK5DO4K,ANETHOLE
8,ARGININE,c,94ZLA3W45F,ARGININE
8,CAFFEINE,c,3G6A5W338E,CAFFEINE
8,CETETH-2,c,7H8VAM7778,CETETH-2
8,CINNAMON,c,5S29HWU6QB,CINNAMON
8,COLA NUT,c,PQM9SA369U,COLA NUT
8,CYSTEINE,c,K848JZ4886,CYSTEINE
8,ENTSUFON,c,4HI65O1DUA,ENTSUFON
8,ETHYLENE,c,91GW059KN7,ETHYLENE
8,FRUCTOSE,c,6YSS42VSEV,FRUCTOSE
8,GLUTARAL,c,T3C89M417N,GLUTARAL
8,GLYCERIN,c,PDC6A3C0OX,GLYCERIN
8,GUAR GUM,c,E89I1637KE,GUAR GUM
8,HARD FAT,c,8334LX7S21,HARD FAT
8,IMIDUREA,c,M629807ATL,IMIDUREA
8,LIME OIL,c,UZH29XGA8G,LIME OIL
8,MALTITOL,c,D65DG142WK,MALTITOL
8,MANNITOL,c,3OWL53L36A,MANNITOL
8,OLETH-20,c,YTH167I2AG,OLETH-20
8,PALM OIL,c,5QUO05548Z,PALM OIL
8,PARAFFIN,c,I9O0E3H2ZE,PARAFFIN
8,SORBITAN,c,6O92ICV9RU,SORBITAN
8,SORBITOL,c,506T60A25R,SORBITOL
8,SQUALANE,c,GW89575KF9,SQUALANE
8,TAGATOSE,c,T7A20Y888Y,TAGATOSE
8,VANILLIN,c,CHI530446X,VANILLIN
8,GLYCERIN,c,PDC6A3C0OX,GLYCERIN
8,ARGININE,c,94ZLA3W45F,ARGININE
8,Kleptose,c,JV039JZZ3A,BETADEX
8,dextrose,c,IY9XDZ35W2,"DEXTROSE, UNSPECIFIED FORM"
8,Captisol,c,2PP9364507,BETADEX SULFOBUTYL ETHER SODIUM
8,GLYCERIN,c,PDC6A3C0OX,GLYCERIN
8,M-CRESOL,c,GGO4Y809LO,METACRESOL
8,GLYCEROL,c,PDC6A3C0OX,GLYCERIN
7,AQUEOUS,c,059QF0KO0R,WATER
7,\%\s+\(W:V\),u,,% \(W/V\)
7,CH3COOH,c,RRE756S6Q2,AMMONIUM ACETATE
7,ALCOHOL,c,3K9958V90M,ALCOHOL
7,ETHANOL,c,3K9958V90M,ALCOHOL
7,PEG-200,c,R95B8J264J,POLYETHYLENE GLYCOL 200
7,PEG-300,c,5655G9Y8AQ,POLYETHYLENE GLYCOL 300
7,PEG400,c,B697894SGQ,POLYETHYLENE GLYCOL 400
7,PEG-400,c,B697894SGQ,POLYETHYLENE GLYCOL 400
7,PEG-600,c,NL4J9F21N9,POLYETHYLENE GLYCOL 600
7,PEG-800,c,UH6KR4953D,POLYETHYLENE GLYCOL 800
7,PEG-900,c,UEP843BRCQ,POLYETHYLENE GLYCOL 900
7,PVP-K12,c,333AG72FWJ,POVIDONE K12
7,PVP-K17,c,C67P1734QJ,POVIDONE K17
7,PVP-K25,c,K0KQV10C35,POVIDONE K25
7,PVP-K27,c,H7AGY1OJO8,POVIDONE K27
7,PVP-K30,c,U725QWY32X,POVIDONE K30
7,PVP-K90,c,RDH86HJV5Z,POVIDONE K90
7,TRICINE,c,W12LH4V8V3,TRICINE
7,ALCLOXA,c,18B8O9DQA2,ALCLOXA
7,AMMONIA,c,5138Q19F1X,AMMONIA
7,BETADEX,c,JV039JZZ3A,BETADEX
7,CALCIUM,c,SY7Q814VUP,CALCIUM
7,CARAMEL,c,T9D99G2B1R,CARAMEL
7,CERESIN,c,Q1LS2UJO3A,CERESIN
7,GLYCINE,c,TE7660XO1C,GLYCINE
7,ISOMALT,c,S870P55O2W,ISOMALT
7,LANOLIN,c,7EV65EAW6H,LANOLIN
7,LEUCINE,c,GMW67QNF9C,LEUCINE
7,OLETH-2,c,7L6R1SQ6M0,OLETH-2
7,PROLINE,c,9DLQ4CIU6V,PROLINE
7,PROPANE,c,T75W9911L6,PROPANE
7,SHELLAC,c,46N107B71O,SHELLAC
7,SILICON,c,Z4152N8IUI,SILICON
7,SOYBEAN,c,L7HT8F1ZOD,SOYBEAN
7,SUCROSE,c,C151H8M554,SUCROSE
7,XYLITOL,c,VCQ006KQ1E,XYLITOL
7,gelatin,c,2G86QN327L,"GELATIN, UNSPECIFIED"
7,Citrate,c,2968PHW8QP,CITRIC ACID MONOHYDRATE
6,\% \(W/V\),u,,% \(W/V\)
6,BICINE,c,1J484QFI1O,BICINE
6,CROSNA,c,M28OL1HH48,CROSCARMELLOSE SODIUM
6,NAHCO3,c,8MDF5V39QO,SODIUM BICARBONATE
6,KH2PO4,c,CI71S98N1Z,DIBASIC POTASSIUM PHOSPHATE
6,SALINE,c,VR5Y7PDT5W,ISOTONIC SODIUM CHLORIDE SOLUTION
6,ACACIA,c,5C5403N26O,ACACIA
6,BUTANE,c,6LV4FOR43R,BUTANE
6,CAPTAN,c,EOL5G26Q9F,CAPTAN
6,CHERRY,c,BUC5I9595W,CHERRY
6,GINGER,c,C5529G5JPQ,GINGER
6,KAOLIN,c,24H4NWX5CO,KAOLIN
6,LYSINE,c,K3Z4F929H6,LYSINE
6,MALTOL,c,3A9RD92BS4,MALTOL
6,PECTIN,c,89NA02M4RX,PECTIN
6,PHENOL,c,339NCG44TV,PHENOL
6,SERINE,c,452VLY9402,SERINE
6,SULFUR,c,70FD1KFU70,SULFUR
6,THYMOL,c,3J50XA376E,THYMOL
6,VALINE,c,HG18B9YRS7,VALINE
6,nmg/mL,u,,nmg/mL
6,sucros,c,C151H8M554,SUCROSE
5,MG/ML,u,,mg/mL
5,\% \(V/V\),u,,% (v/v)
5,\% \(M/V\),u,,% (m/v)
5,WATER,c,059QF0KO0R,WATER
5,CACMC,c,UTY7PDF93L,CARBOXYMETHYLCELLULOSE CALCIUM
5,WATER,c,059QF0KO0R,WATER
5,HEPES,c,RWW266YE9I,HYDROXYETHYLPIPERAZINE ETHANE SULFONIC ACID
5,NACMC,c,K679OBS311,"CARBOXYMETHYLCELLULOSE SODIUM, UNSPECIFIED"
5,PIPES,c,G502H79V6L,PIPES
5,PS-20,c,7T1F30V5YH,POLYSORBATE 20
5,PS-21,c,59IO08SBZU,POLYSORBATE 21
5,PS-40,c,STI11B5A2X,POLYSORBATE 40
5,PS-60,c,CAL22UVI4M,POLYSORBATE 60
5,PS-61,c,X9E1MY2JQG,POLYSORBATE 61
5,PS-80,c,6OZP39ZG8H,POLYSORBATE 80
5,PS-81,c,2MSF640LWM,POLYSORBATE 81
5,PS-85,c,A7F3N56197,POLYSORBATE 85
5,ANISE,c,21C2F5E8RE,ANISE
5,COCOA,c,D9108TZ9KG,COCOA
5,ROSIN,c,88S87KL877,ROSIN
5,WHEAT,c,4J2I0SN84Y,WHEAT
4,\(\+/-,r,,
4,\+/-,r,,
4,W/V\%,u,,% \(W/V\)
4,\%\sw/w,u,,% \(W/W\)
4,HPMC,c,3NXW29V3WO,"HYPROMELLOSE, UNSPECIFIED"
4,TRIS,c,L173DK6289,N-TRIS\(HYDROXYMETHYL\)METHYL-2-AMINOETHANESULFONIC ACID
4,CAPS,c,4W981O1LXP,3-\(CYCLOHEXYLAMINO\)PROPANESULFONIC ACID
4,CHES,c,71X53V3RZ1,2-\(CYCLOHEXYLAMINO\)ETHANESULFONIC ACID
4,CREL,c,6D4M1DAL6O,POLYOXYL 35 CASTOR OIL
4,DMSO,c,YOW8V9698H,DMSO
4,DOSS,c,F05Q2T2JA0,DOCUSATE SODIUM
4,EDTA,c,9G34HU7RV0,EDETIC ACID
4,ETOH,c,3K9958V90M,ALCOHOL
4,HPMC,c,3NXW29V3WO,"HYPROMELLOSE, UNSPECIFIED"
4,MOPS,c,273BP63NV3,3-\(N-MORPHOLINO\)PROPANESULFONIC ACID
4,NACL,c,451W47IQ8X,SODIUM CHLORIDE
4,NAOH,c,55X04QC32I,SODIUM HYDROXIDE
4,TPGS,c,O03S90U1F2,TOCOPHERSOLAN
4,ALOE,c,V5VD430YW9,ALOE
4,IRON,c,E1UOL152H7,IRON
4,MICA,c,V8A1AW0880,MICA
4,TALC,c,7SEV7J4R1U,TALC
4,UREA,c,8W8T17847W,UREA
4,ZEIN,c,80N308T1NN,ZEIN
4,ZINC,c,J41CSQ7QDS,ZINC
4,DPTA,c,7A314HQM0I,PENTETIC ACID
4,PS80,c,6OZP39ZG8H,POLYSORBATE 80
3,CMC,c,05JZI7B19X,CARBOXYMETHYLCELLULOSE
3,SLS,c,368GB5141J,SODIUM LAURYL SULFATE
3,ADA,c,9042RP777G,12-AMINODODECANOIC ACID
3,BHG,c,1J484QFI1O,BICINE
3,SSC,c,2968PHW8QP,CITRIC ACID MONOHYDRATE
3,CMC,c,05JZI7B19X,CARBOXYMETHYLCELLULOSE
3,DEA,c,AZE05TDV2V,DIETHANOLAMINE
3,DMF,c,8696NH0Y2X,"N,N-DIMETHYLFORMAMIDE"
3,GDO,c,Z3MP1W91CW,GLYCERYL DIOLEATE
3,H2O,c,059QF0KO0R,WATER
3,HPC,c,9XZ8H6N6OH,"HYDROXYPROPYL CELLULOSE, UNSPECIFIED"
3,HCL,c,QTT17582CB,HYDROCHLORIC ACID
3,NMP,c,JR9CE63FPM,METHYLPYRROLIDONE
3,PVP,c,2S7830E561,CROSPOVIDONE
3,SLS,c,368GB5141J,SODIUM LAURYL SULFATE
3,TES,c,L173DK6289,N-TRIS\(HYDROXYMETHYL\)METHYL-2-AMINOETHANESULFONIC ACID
3,HPB,c,1I96OHX6EK,HYDROXYPROPYL BETADEX
3,D5W,c,IY9XDZ35W2,"DEXTROSE, UNSPECIFIED FORM"
2,IN,f,,with diluent =
2,pH adjustment \(final pH,a,,pH
2,pH range,a,,pH
2,pH in the range of,a,,pH
2,pH adjusted to,a,,pH
2,pH approximately,a,,pH
2,pH=,a,,pH
2,pH~,a,,pH
2,PH,a,,pH
2,MM,u,,mmol/L
2,MC,c,05JZI7B19X,CARBOXYMETHYLCELLULOSE
2,MC,c,Z944H5SN0H,"METHYLCELLULOSE, UNSPECIFIED"
2,PG,c,6DC9Q167V3,PROPYLENE GLYCOL
1,%,u,,%
1,-,R,,
1,M,u,,M
1,N,u,,N
